age,income,tenure_months,monthly_spend,support_tickets,satisfaction_score,login_frequency,avg_session_minutes,region,contract,payment_method,device,churn
22,18000.0,26,105.50886188439164,4,8.01484462822699,16.66697926458285,3.0,North,Annual,Card,iOS,1
58,34683.79590934694,20,57.660655337989844,1,6.936330421771918,15.721127899851815,19.069997236485012,East,Annual,Bank Transfer,iOS,0
52,25166.389040431313,8,136.9428625309703,1,7.184771576124955,5.7713910537619295,21.96706729447902,West,Monthly,,Web,1
40,18000.0,30,101.08904296624819,0,7.911342777445523,18.428772751793954,17.975286081336876,South,Monthly,Card,Web,1
40,38702.10256544174,49,73.42483676165135,2,9.598903481778173,21.657184028466506,41.54244754121707,South,Monthly,UPI,iOS,1
62,94149.02494639588,17,64.95189984084107,5,6.486400299810839,18.47326159144744,38.41908506590055,East,Annual,UPI,Android,1
22,64022.4043105042,26,92.70351344541571,0,5.208259405632388,30.384044204134415,31.295305603090874,North,Monthly,Card,iOS,1
54,93392.40277106583,2,34.868227454846355,3,7.046251750110856,10.96806498619014,13.672059105348604,South,Annual,Card,Web,0
28,74041.61669181926,5,105.99019826058588,0,10.0,13.372273981743957,39.29273794268909,South,Annual,UPI,Web,1
22,82216.2941657335,15,56.392875559179195,4,5.22646905067174,18.93113296978569,27.570722249413308,South,Monthly,Card,Web,1
45,45180.26610329935,44,96.1182432647286,0,8.305230682486483,19.70636767134702,13.522183062222899,North,Annual,Card,iOS,0
68,76526.92099223875,64,69.35138987925521,2,9.168452489784695,4.6915396248160945,22.294452201666182,East,Two Year,Bank Transfer,iOS,0
56,81031.71314963562,75,77.06743861825889,2,3.1785918270297575,22.21888599912922,30.627173681843196,South,Monthly,UPI,Android,1
57,52313.759570858754,60,62.29270381704805,0,7.897378290134425,19.73821787688919,16.610090434219224,South,Monthly,Card,iOS,0
55,77309.88815355566,59,80.16311706457596,3,8.225798083024262,3.1642493931683617,23.264792992055124,West,Monthly,Wallet,Android,1
58,77456.13068864633,89,141.68138638052062,1,6.745530157654248,17.18303511780555,24.848287394621433,North,Annual,Bank Transfer,Web,1
44,52909.84233513818,25,126.55178881145922,4,6.101054446147481,12.340209346429326,12.092312186140006,North,Two Year,Wallet,Android,0
24,40299.094490038115,76,95.6343686498637,3,6.195874000709233,14.826737149803469,19.569164370178886,West,Annual,UPI,Web,1
61,38949.17669823801,90,84.24117203305143,2,6.641433557011444,8.633294507254961,12.770836824611301,North,Two Year,Card,iOS,0
41,66903.12192227216,54,110.32603572078655,3,6.68643674613078,20.913320750715005,29.81801214136047,West,Annual,Card,Android,1
44,72194.21711336492,80,118.89911182322669,6,6.3656790273134956,30.332434663991585,13.827501169805066,East,Monthly,Wallet,iOS,1
37,47564.431729925884,14,60.10544853377412,1,6.614392070439843,19.85516501919198,24.62623333718251,South,Monthly,Bank Transfer,iOS,0
27,65584.87750917417,84,82.67683397103393,3,,2.884311287654473,9.48859763445762,South,Annual,Bank Transfer,iOS,1
66,77551.81479504668,54,30.341253112957588,1,5.13547107584427,19.99917226132959,11.79906805172821,South,Annual,UPI,iOS,0
58,78600.19572263662,22,118.69306330782685,2,4.226600680438296,16.637528454606752,11.363069117463866,West,Annual,Card,iOS,0
51,99141.36264269474,6,146.95072773102567,2,9.251534682298336,10.292912256721278,19.393823615079278,North,Annual,Bank Transfer,Android,1
38,93093.57830835695,69,87.40247873869257,1,6.87356980912101,20.47536681973719,23.62343457973415,West,Monthly,Card,Web,0
60,42971.588479356025,41,21.24969625290951,1,6.5400051027796895,24.15835309689149,25.28279765672468,West,Monthly,UPI,Web,1
46,102038.89660983649,30,103.26671549731094,3,7.010930889654463,13.320545626748036,6.049883814607352,East,Annual,UPI,iOS,1
41,53318.51689977427,38,57.87732501552759,1,7.555770391324516,6.493870324316763,20.482245543732997,North,Annual,Bank Transfer,Android,0
41,87987.2018739974,95,65.0995167500662,3,6.309112913898779,3.9182943231999143,15.244851012609082,East,Annual,UPI,iOS,0
29,66495.70577312395,41,103.79729169373012,2,8.060082917000415,13.340204344902745,26.80760643493232,East,Monthly,Bank Transfer,Android,0
22,55932.71367394671,8,92.63662376538173,1,5.564153624524876,16.911475715181332,19.591273020286643,North,Two Year,Card,Web,0
46,25230.669084951478,27,70.35673673984195,4,6.6868954976563835,14.387961054537646,21.27252094943362,West,Monthly,Card,Android,1
64,61225.58077524034,14,65.51183102195007,1,3.435016366015921,13.217025351363326,15.295459553472462,,Monthly,Card,Android,1
21,30693.568823276604,66,88.77508165662498,3,9.192803129268418,21.975296689897085,37.521829386314494,West,Annual,Card,Android,0
62,86280.58318854099,77,72.71603342462898,2,6.90065091584863,21.23978232302147,10.447785190901183,North,Two Year,Card,iOS,0
61,98369.43845706346,80,51.72288599190978,2,8.33917695595317,19.397153819321346,18.40239408649994,North,Two Year,Card,iOS,0
32,47467.95823547282,61,75.0231045556492,2,8.010176793252626,23.71541449040874,22.968386079456714,East,Monthly,UPI,iOS,0
50,71643.35633542396,74,95.18777869765552,2,8.134683426631248,13.40584853043277,19.737755840062928,North,Monthly,UPI,Android,1
26,49041.38651582454,40,79.656895995411,2,7.186781601423611,10.338085354590024,15.12457615563815,North,Annual,,Web,0
57,51173.335936990625,60,42.594742052554444,6,7.859986567656597,14.343664280408397,5.694848172297334,North,Annual,Bank Transfer,Android,0
54,82038.88348503817,11,114.67193864126618,5,5.565816498559695,13.860880598227604,15.776419441974177,West,Annual,Card,Android,1
36,64152.15823944492,52,20.0,1,5.208996454409455,3.6409738076708145,13.365536426489225,North,Monthly,Card,iOS,0
21,103272.25692248225,53,71.60904534914694,0,7.028119913041067,14.181019523171205,37.11302133441732,East,Annual,Card,iOS,1
68,54390.88546853574,3,66.39404636338253,2,6.044380153327198,25.733953886275575,42.38226335738247,East,Monthly,Card,iOS,0
41,86985.39931443876,53,89.44536633614244,2,9.623289094524026,23.605974014325035,21.542874898039575,South,Monthly,UPI,Android,0
64,67143.09508507121,69,101.84985423408206,1,7.8377455298220875,21.67628699869256,9.357191137307893,South,Annual,Bank Transfer,iOS,0
53,82507.11621437313,35,118.80294424783105,4,5.9819816367950835,18.921326302658855,28.64239695141135,South,Monthly,Card,Android,1
58,,52,63.627853799435194,0,6.7383812545405135,28.142289682994218,13.170311578138914,West,Annual,UPI,iOS,0
57,63909.70557386518,28,102.59747012000446,0,7.426111189379769,10.578824735924272,17.057460517648003,West,Annual,Card,Android,0
28,62459.02465542343,26,90.87455163644384,3,7.084394974546841,11.246210146259934,16.340353949350394,West,Monthly,,iOS,1
36,46606.74347339268,13,33.6538187445033,3,7.661968255988251,25.87006691581973,17.49544905816437,East,Monthly,Bank Transfer,Android,0
42,79565.79376079855,32,142.0162076630233,2,7.316712725585924,18.19323427787096,18.807517736583243,West,Two Year,UPI,Android,0
43,79305.47812272402,77,41.836746182794016,5,4.835883527600864,13.30175185069075,10.178482456036615,West,Annual,Bank Transfer,Android,1
20,78058.20328792247,89,97.58491816929146,2,3.5434622352433522,21.86347238729529,15.681877045062159,South,Two Year,Bank Transfer,iOS,0
46,98813.24438618819,61,96.69879832593243,3,6.564864623683616,14.930731268184104,31.179498230770918,West,Monthly,UPI,Android,1
26,96885.58562719868,60,93.2691034698723,2,8.152837598667208,12.137321531690857,21.697987536632603,North,Annual,Card,iOS,0
56,56751.216823319024,59,70.16269353515177,2,6.583972641241916,11.942537309930369,23.127824573398936,North,Two Year,Bank Transfer,Android,0
53,73207.15100555192,46,109.81757953421507,1,9.302158992788883,20.250845527182115,3.0,South,Monthly,Bank Transfer,Android,0
65,51280.78483631932,41,38.188975781707136,4,7.120292611191872,19.44070847641464,30.530052926714582,South,Monthly,UPI,iOS,1
56,65513.81695452022,59,83.0251363397823,1,9.507233309228365,28.617227366591656,15.830320988531934,South,Two Year,UPI,Android,0
37,51805.51211938498,75,68.08375970342624,2,9.158235846749319,15.96937527378948,32.11571698930925,East,Monthly,UPI,iOS,0
68,100641.54680099312,40,64.68106173798905,4,8.987187670796594,15.849953858414613,23.38847323777927,East,Monthly,Card,iOS,1
39,73001.35930754518,54,97.86243362360638,3,5.1540302218481,28.07743471368841,16.941519138592074,West,Two Year,UPI,iOS,0
34,60203.35918170271,45,117.3243562815905,3,7.229139135554443,24.899527552943134,6.899893640039377,South,Monthly,Card,iOS,1
65,91259.60858084029,28,74.70232714489401,3,9.278714928719934,19.014288126339174,41.57361361685268,South,Annual,Card,Android,0
37,18000.0,28,108.42043269777332,0,7.662986032088665,7.072910941930827,29.229225457426455,East,Annual,UPI,Android,0
21,20689.742912963622,8,86.49221996333796,3,8.142411838498246,12.317016524017372,29.767669597201035,East,Annual,UPI,Android,0
42,82508.45041483502,42,58.218033722859744,4,4.8405915813034435,10.621336418285846,38.36944934907363,West,Monthly,Bank Transfer,Web,1
59,66330.3058585821,68,77.26143720276808,0,10.0,18.255162438295585,24.01678311005975,South,Monthly,UPI,Android,0
27,70509.81860573673,66,76.01542327625155,1,5.8546635156387925,14.44161219820919,34.17160046243578,North,Two Year,Bank Transfer,Android,0
42,35819.28572699193,94,64.1002026248366,2,3.8094772590246655,29.220334249896098,17.692822680278542,West,Annual,Card,iOS,0
24,64488.85836129195,4,97.85448785967502,2,6.603086245697387,6.999939503581938,28.638206795498863,North,Monthly,UPI,iOS,1
53,109077.20702882952,73,92.03938563114278,3,3.0392774524141872,9.87062198161101,16.329129633177644,East,Monthly,Card,Web,1
42,83132.39163550898,76,37.280509051917456,2,5.355287253855017,19.71240149415896,17.465270840641182,South,Annual,UPI,Android,1
35,68733.54399314187,42,35.45422014281927,3,10.0,21.65005234834919,22.873005179088484,South,Monthly,UPI,Web,0
29,55340.813977691374,27,97.74053359617263,1,6.553930678244527,1.0,10.593409810362488,West,Two Year,Card,iOS,0
47,56319.39725887334,34,60.54140713616396,2,4.7727618144343555,5.852128885843296,24.964818001372127,South,Two Year,Wallet,iOS,1
52,18157.646437599615,65,94.06123465300972,1,7.2430064071624,16.1547741480157,19.19237611113158,North,Monthly,UPI,Android,0
66,70668.08926026554,82,108.42794734327565,1,5.673733633445643,27.49230542039477,4.111954304910874,West,Two Year,UPI,Android,0
40,83600.62838660079,62,46.871414877833224,0,8.669682639445682,31.214326196518787,17.881043028169692,North,Annual,UPI,Android,0
26,30336.374802246464,49,42.65388236271445,1,5.687773875043732,15.098517568858819,18.894507671619465,South,Annual,Bank Transfer,iOS,0
61,50448.82836925005,62,135.23295047185886,1,7.6602473072297705,16.805471158057088,29.67552818354418,East,Two Year,UPI,Android,0
50,39535.77809086471,7,95.54712348887377,5,5.24999963731682,12.1419396990075,24.566781572443997,South,Monthly,Card,Android,0
54,43762.2737142072,58,72.42278029980187,2,10.0,22.432444799202855,35.027251303208324,East,Two Year,Wallet,Android,0
23,66176.5957900818,5,56.981786420612096,1,8.056160324046434,28.699707091457515,26.68098636062344,South,Monthly,UPI,Web,0
34,19143.152590253565,92,69.68677453278161,2,6.952640144279806,26.792145161660347,17.014350367891424,South,Monthly,UPI,Android,0
57,78513.9496438554,85,49.28282991660069,2,6.701970973926816,17.796995711412084,21.474765755711232,South,Annual,UPI,Android,0
61,81584.811538541,49,111.50236522271771,1,6.2588800284760815,12.130278064053428,18.86756766779612,West,Monthly,Card,iOS,1
40,59475.743063187925,36,61.697465391810375,2,5.90644708432722,18.057379030168747,26.39175570501852,North,Annual,Bank Transfer,Web,0
59,18000.0,70,117.80603764648801,2,5.859725565491983,27.66550693103504,22.538399327169046,West,Monthly,UPI,iOS,0
61,43078.79022794743,61,72.98113240689966,4,10.0,15.196380311573671,16.342963294369703,South,Monthly,Bank Transfer,iOS,0
38,92123.84255025932,68,53.699494491480564,3,6.260556271873894,5.291996794565728,22.077404239562632,,Annual,Card,Android,1
64,18000.0,49,72.21095235958596,2,3.5799878587146847,15.479935226777725,26.150625989992825,East,Monthly,Bank Transfer,Android,0
32,57354.484931742576,23,20.0,4,5.21785487450418,16.046819725581628,12.942206155283989,South,Monthly,Wallet,Android,1
30,39039.982873720306,7,81.37694269977979,3,8.777131853998535,5.250912871113517,24.85307885480234,East,Monthly,Wallet,Android,0
53,82700.5466348664,27,79.89642426609524,3,6.771049103794727,19.624261323988232,7.791852134633578,West,Two Year,Bank Transfer,Android,1
51,50147.49305284385,51,109.74228239643904,1,6.97206127976817,21.542032642787785,31.950142088274475,West,Annual,Bank Transfer,iOS,0
25,73886.98845618345,41,28.410852160498614,0,9.188684567412459,31.01924830372817,26.744627296947762,South,Annual,UPI,Android,0
61,77440.12922172005,49,119.85599082590643,3,5.878816798407085,8.673361302098213,36.66354732059619,East,Annual,Card,iOS,1
28,105396.96847406044,27,109.61797884992968,1,8.275110127622536,23.113650019021346,11.950632042021168,South,Annual,UPI,Android,0
59,60535.277239141855,90,122.56130691095987,1,6.064598645361093,24.767853058231136,32.20106555934814,West,Monthly,UPI,Web,0
18,73272.97613169745,35,83.41835871987588,1,8.178990282478967,21.63734651654717,30.42202057211317,North,Monthly,Card,Web,0
59,32328.77945919641,81,115.41690502308266,1,6.53507007369158,10.952388570091129,20.35991157512899,North,Annual,UPI,Android,1
58,91189.09839246237,38,40.86267895279285,3,6.789366402745326,10.545513234802417,18.61020982250584,East,Monthly,Card,Android,0
58,48268.80534242997,43,106.39142695613599,2,8.594227217769172,18.680377265986703,12.233685491589673,North,Two Year,UPI,Web,0
52,52663.4083900696,58,61.86511713700164,3,8.47164217306025,18.631243618924042,9.887712720497564,East,Monthly,UPI,Web,0
42,64510.548513317364,25,35.457945027311915,1,6.9187724248122064,14.083963227599055,15.238891124742736,North,Annual,Bank Transfer,Android,1
54,30616.54440252331,21,51.27578445506918,3,6.398239761008865,27.041459094732787,10.698019218373394,North,Monthly,Card,Android,1
32,70032.94063643663,37,85.16593415887812,0,9.918550893618812,15.194738922555576,36.36150235231556,East,Annual,Card,Web,0
58,86284.25800435024,77,60.271023753471894,2,8.201862379546547,4.744094791166743,8.481532690579526,South,Two Year,UPI,iOS,1
46,71444.54411694041,14,96.282205950874,2,6.535058925281596,16.43160439846614,23.340059302954852,West,Monthly,UPI,iOS,1
41,30044.25358806805,42,30.75287334987948,3,6.089756582407417,21.36191343771994,25.921346141965948,North,Monthly,Card,Android,0
44,62276.19552474749,64,21.187073691524148,0,8.942325761801637,20.39372806442732,25.21749308753157,North,Annual,UPI,Web,0
47,81324.6358655488,68,126.17162302430728,1,7.396180146290371,20.339558109979624,26.00759749359082,North,Monthly,Wallet,iOS,0
19,23684.24714875003,42,112.11400388204304,1,6.921959908285654,28.457923100496743,30.517602857047077,South,Monthly,Bank Transfer,iOS,0
25,41355.14769601029,8,53.521094922585775,6,7.39545779845641,10.19646599808513,17.986700538069968,North,Annual,Card,iOS,0
30,84283.95928979343,2,84.91001069588381,7,7.774254686882886,15.034041561545278,22.78795581121191,West,Monthly,Card,Android,1
23,70942.09955234031,45,115.58521180603972,3,7.1036284493676884,28.81537826607282,19.357946383308427,North,Monthly,UPI,Android,1
40,74063.37480678859,77,97.57601824871816,1,9.24626767363309,4.2285507912500115,33.72273032125163,West,Monthly,UPI,iOS,1
52,105908.88576771285,3,89.44669288550435,1,9.340875409560377,17.624138869580616,40.89879331127388,East,Monthly,Wallet,iOS,1
52,75308.16112713645,85,117.85462243937792,2,8.104209802643059,26.60244780665924,11.254596158547622,East,Two Year,Card,Web,0
42,79473.53622952994,65,63.078625743963386,3,9.537022283842568,26.498113756538416,3.72009241656108,North,Monthly,UPI,iOS,0
62,124636.40159880318,1,85.93535345993887,7,7.214444505834978,22.62081460992447,27.12218412117119,North,Monthly,Wallet,Android,0
47,60296.29972200921,33,84.46454085122825,2,8.373562708507846,22.79807511233186,31.633355958121378,South,Annual,Card,Android,0
22,47446.57920039311,21,76.81713856986872,3,8.907575742082301,10.712838138614051,39.6127958192361,South,Two Year,Wallet,iOS,0
57,74411.52076143691,91,73.30583465737743,2,8.932365076028237,27.6122395875043,28.641013160949903,East,Monthly,UPI,Android,1
47,74657.80264655569,53,87.18604713485472,2,8.757198551155184,9.599568020999442,34.56202862818486,South,Annual,Bank Transfer,iOS,0
51,53412.26137718342,31,86.03222487956583,4,8.273021629938864,10.017108864386374,36.940546595886794,South,Annual,UPI,Android,1
47,42287.26556979335,27,53.54717072396423,3,10.0,20.71511891814622,35.1829999446778,West,Monthly,Bank Transfer,Android,0
46,115816.57728598171,54,109.05387729701343,0,6.282517165048665,14.548898529979603,29.930444591468337,South,Monthly,Wallet,Android,1
22,72190.5563485365,1,55.708443767012255,3,6.936124661147642,19.44687689327831,10.4601139335083,North,Annual,Card,iOS,1
47,48889.72160915434,25,78.45299666358478,2,6.835332189694772,21.015369554961588,21.92474329745479,South,Monthly,Bank Transfer,Android,1
59,85150.46665015117,16,76.14158581839845,3,6.574285853901524,30.44676817562884,24.70034757153251,South,Monthly,Card,iOS,1
33,62598.80666565064,59,95.74310837977647,4,3.8190875261946085,21.036072098964866,21.101713301257416,South,Annual,Card,Android,1
49,59436.608181007716,64,21.426881793480014,6,9.537270169704021,13.670259870890789,21.657046379360697,East,Monthly,UPI,Web,0
19,77370.00318211885,45,111.72729444788375,3,5.455731219621328,22.73541570730295,36.10505257319114,East,Monthly,UPI,iOS,1
36,36578.590098902816,14,64.69028957163508,3,7.488685344868365,12.177720599425214,15.188514846804727,East,Monthly,Card,iOS,0
40,72757.7984861778,36,121.59889884331163,1,4.782835997952693,24.392088670632287,29.191471265799876,North,Two Year,Card,Web,1
69,107085.00577009855,81,70.65505226451538,2,8.255216742223556,18.452395436984787,24.84797462391308,North,Annual,Card,Web,0
29,75255.90856834083,20,83.53469242797968,2,5.864826738901664,20.803806713098638,14.282208496855038,West,Monthly,Card,Web,1
32,56723.33371676378,16,142.4135812020527,2,5.268864729014602,5.535422160197237,12.310586515717791,North,Monthly,Card,Android,1
39,53843.68383057868,11,76.67985373618995,3,7.530383889618901,2.244780833729589,6.688164338678519,South,Two Year,Card,Android,0
69,55972.5205864076,78,122.16549654020376,1,6.008751213179531,7.490030373105972,26.370193269538955,South,Annual,Bank Transfer,iOS,1
62,59412.821082948816,12,86.1713525669368,1,6.223929536653166,30.22039598988927,21.430796679390653,East,Annual,Card,iOS,0
19,56688.25627931802,56,97.4625649088047,3,7.492042345839355,9.962916240070365,14.568003130209027,North,Monthly,Wallet,iOS,1
30,85158.85170364047,95,87.09875768234123,0,,23.12616861392252,5.1150538800755,West,Monthly,Card,iOS,1
60,26869.399729402372,61,110.43554878900372,1,5.80871917061809,13.506645407625063,25.89439811664002,South,Monthly,UPI,Android,0
21,83964.00110906694,40,64.43405161440846,2,5.514972794214451,16.319789305465317,20.436454357597157,West,Two Year,Card,Android,0
62,56646.896446863655,20,55.478544309424436,1,7.239922233359867,17.686958214515183,15.576758753343881,South,Two Year,Card,iOS,0
32,73292.8512852982,1,65.84271428868935,3,8.11672938643874,29.506448994680472,13.323640678142548,East,Monthly,UPI,iOS,0
65,40206.265975581,15,87.99131128972273,2,9.686683826163062,22.091538715539972,19.85282352919061,South,Annual,Card,Web,0
33,94229.8834706876,91,78.37543643349012,1,5.378739682900708,20.695231982242458,26.22996837165333,West,Two Year,Card,iOS,1
40,92403.96912378121,14,106.3082462941353,3,6.659455927840353,27.076889024778374,19.030153140207855,South,Two Year,UPI,Android,1
52,86110.99156650162,2,124.1419509946456,1,9.198836242627932,13.567621953668926,11.303263054331719,West,Monthly,Bank Transfer,Android,1
24,31675.394932542134,78,55.72484988294974,2,10.0,25.478400838660036,21.47687540468061,West,Monthly,Card,Android,0
46,83240.66356345316,40,62.98153625158203,3,5.511745301175118,24.30911816611112,31.409927205273554,East,Two Year,Card,Android,1
44,73906.81192798559,34,41.912817450614384,4,5.944019736328695,24.22929554270473,22.362408321197897,North,Monthly,Card,iOS,1
58,29684.032563083514,69,145.91118972277312,3,7.847870160836762,16.914883079619447,22.615811880648597,South,Monthly,UPI,iOS,0
69,64465.45755704206,50,94.14008497365481,5,6.217836658271752,14.938795729557999,19.068979388996432,West,Monthly,Wallet,Web,1
52,73019.75875873177,87,99.39406960154733,1,5.909306017333081,11.911234483814091,13.99302570491856,West,Annual,Card,iOS,1
39,77233.65602410931,45,44.79374844906855,1,7.615600030827142,12.349723445234233,13.693923252816557,North,Monthly,Card,Android,0
39,68899.75007287483,68,84.96490032979376,2,9.834013921357622,11.580907942590557,7.043313399232762,North,Annual,UPI,iOS,0
39,71407.09117064235,84,100.27743953239256,1,4.973880098331044,20.56793433278253,32.631032527484365,North,Two Year,Wallet,Android,1
60,97419.4506295681,45,77.41726928396724,3,9.747167983225172,16.401645807109496,26.162087584430644,North,Annual,Card,Android,0
34,91972.74601803496,28,117.27116874479184,2,6.22289232840909,21.019801383760136,22.742381553276072,South,Two Year,Bank Transfer,iOS,1
26,18000.0,93,154.35493376928488,4,7.787846266138938,21.41517413756963,24.660244900996503,West,Two Year,Bank Transfer,Android,1
35,58016.351793571,22,56.588115187181444,3,9.904446225873162,10.581707619981668,25.05576456602402,North,Annual,Card,Android,0
19,61377.677394033075,4,54.337382620699096,2,7.753050106913591,10.371620275235394,15.3890833877057,West,Annual,Bank Transfer,iOS,1
23,26453.83140000664,55,58.667318034142696,1,6.69426521806138,16.39937731778681,19.072639036360272,West,Two Year,UPI,iOS,0
22,67072.02728111087,94,133.1859748004947,4,8.420898558581056,12.574154934703532,17.732121903556454,South,Annual,Card,Android,1
58,92472.67099303115,9,116.27065951089054,4,6.905617456034851,11.837115023315999,44.60281615187504,South,Monthly,Card,iOS,1
55,41095.50708900701,81,80.93416546619055,0,8.086296784310845,29.869809063524094,31.181818373104765,South,Two Year,,Android,0
54,72400.82065117719,79,86.09678993202623,4,6.852042302757707,7.266516596858109,23.51094056342853,North,Annual,Card,iOS,0
42,44851.88349947837,89,60.50369121409836,2,8.663959924881366,32.16145099094607,34.29385847616716,East,Two Year,Bank Transfer,iOS,0
55,50217.93547904711,41,111.70081473229553,0,4.829806122664633,20.02213468351362,33.157194200575745,East,Monthly,UPI,iOS,1
26,97502.65995174077,25,73.60294527674338,3,5.477013239040751,24.903667981125484,9.575281231914968,,Monthly,Bank Transfer,iOS,1
64,53063.72795753985,49,77.19770381635001,4,4.804821677724492,24.078329721311622,19.994320470325377,West,Annual,UPI,Android,0
44,75168.67475823374,14,103.26369314587771,4,7.104069970366223,22.318714240862253,21.85308042872273,South,Annual,Card,Android,0
66,23833.201446658284,81,79.36015185750337,1,4.5997850280233905,29.6328225940023,27.5037515408386,North,Monthly,Card,iOS,1
25,105970.98635068737,64,77.95102019506461,0,6.023886322386407,10.423083180662527,19.9840652923681,West,Two Year,Bank Transfer,Android,1
43,78258.35381874298,46,85.31725616587225,3,5.317235372233027,16.90535135555114,21.113219964209115,North,Annual,Card,Android,1
54,60985.00346169424,50,108.8606624137923,2,9.715449590216,12.030071612494769,17.84786055437794,North,Monthly,Card,iOS,0
43,77662.02321999769,68,134.394792264515,5,5.5158434013010735,6.127443282773321,31.440416463265976,North,Annual,UPI,Android,1
41,33983.97256314817,50,102.56458696738247,1,5.012872305030319,13.371312170092434,9.009936015447504,South,Monthly,,iOS,1
26,91015.67631855846,80,109.099426708728,4,7.622175507401808,31.10783444756675,18.153807055893953,South,Monthly,Card,iOS,1
37,57872.33493907854,88,79.00437813696627,3,10.0,16.785733118075996,5.406916050435079,East,Monthly,UPI,iOS,0
30,60510.47066893444,91,63.76606410493849,1,7.0026859652823354,31.884609993334916,12.733245011665705,South,Monthly,Card,Web,0
33,54183.57647075934,59,104.61958696705345,2,7.134177178988991,32.600790144102426,24.854597197347125,East,Two Year,Bank Transfer,iOS,0
53,52225.669139597136,71,90.13722473801714,1,9.39428768383341,38.96591254587258,25.025388609645823,North,Monthly,Bank Transfer,Web,0
50,80282.75345582499,30,42.321140537507524,3,8.692989874967958,31.338451133688142,19.1812747716341,South,Annual,Bank Transfer,iOS,0
49,70629.9507022929,4,75.15791129723206,4,7.923205473840217,34.50692305733665,32.11586631524,West,Annual,Card,iOS,1
36,79338.45911086688,39,82.51308929555339,4,6.210020761719671,20.276172787390067,34.186385985693605,West,Monthly,UPI,iOS,1
67,64806.51683131743,83,69.68626398914564,1,7.975128440687242,19.598297635806713,21.37695398248024,East,Two Year,Card,Web,0
22,76290.39584369799,13,129.45206783626384,1,4.886667037900432,20.063875528507452,24.253895707547894,South,Monthly,UPI,iOS,1
35,55785.327633649154,52,99.3951711070665,1,6.139751566032584,18.00043543227255,17.927100019989403,South,Annual,Wallet,Web,0
24,114054.10051101007,19,126.19524753665944,3,9.633486506623925,19.047641946172803,27.641989493063733,West,Annual,Card,iOS,0
35,30505.530838529034,41,92.9027578495648,3,9.413387564059907,23.265277956073927,11.253455679778178,West,Annual,UPI,Web,0
68,92740.62111838566,14,87.44163509275234,1,7.943723988870139,14.73927501292423,38.16251328441347,East,Monthly,Card,Android,1
37,95093.96391586136,70,56.902065471692524,5,3.9200986736596812,8.356630335339025,32.259867364554026,South,Two Year,UPI,Android,1
65,46252.50626875694,77,85.357885995897,3,5.146023402428645,20.545331583007684,11.209662814530073,North,Two Year,UPI,Android,0
43,114044.0194322314,73,85.39161777026321,3,6.044896871356084,13.150366159726286,14.89883372049386,North,Monthly,UPI,iOS,1
54,86900.786224797,67,43.986583478973,3,6.908111646724181,13.87508551770063,25.791238876403437,North,Annual,UPI,Android,0
41,86365.05815010406,23,68.81417590688815,2,5.0743010441398635,17.0007273878008,18.95574006684741,South,Monthly,Wallet,Android,1
31,65616.48811456929,51,75.30152204450913,1,6.781266669910206,15.394997463262877,26.901395938494844,North,Monthly,Bank Transfer,Android,0
57,60221.024519189115,10,97.40438632167164,1,10.0,25.770297447616848,18.765432876855044,South,Monthly,Wallet,iOS,0
68,60393.00580512862,36,98.84050335957119,2,7.881420990659744,16.832809223336593,35.72330582308052,East,Monthly,Card,Android,0
31,73591.67311902938,49,67.56044554104386,3,7.572005269233762,26.123147465137023,22.07476293431173,East,Annual,Wallet,iOS,0
58,95826.09805074571,64,99.06608807625655,3,,19.442113742595076,43.78499617907872,East,Monthly,Card,iOS,1
31,68988.91279295123,10,79.5376321195445,0,4.413725862588738,17.380296986450308,27.42407767401547,North,Monthly,Card,iOS,1
55,44948.24029097961,78,20.0,2,5.112066076576835,19.107543404007558,9.855360955766798,South,Monthly,UPI,iOS,1
59,83137.39537246956,44,70.45893904145373,1,4.345038448330283,8.958590951854864,40.778469251259224,West,Monthly,Card,Android,1
41,85265.31642068543,84,117.36965920427136,1,7.327559945810566,20.36654032629487,31.888110593834647,South,Annual,Bank Transfer,Web,0
56,79402.5096258513,51,34.54582730116961,5,7.85260586749251,23.944325074204723,25.42132862572882,West,Annual,Card,Web,0
32,81400.97594354962,52,88.3807360124662,0,5.559007080207111,24.935952987923574,27.81970110578585,South,Monthly,UPI,Android,1
22,59039.58113652822,66,132.5578364255586,1,7.451462877845551,8.534781402354925,11.298579118445309,East,Monthly,Card,Android,0
23,44562.238323127254,78,62.18161140968558,4,9.697289487594883,7.367138584299166,5.760615006973623,South,Monthly,Card,iOS,1
41,45899.74452590285,15,85.06447241283058,0,10.0,14.242270324434145,21.624252632487796,East,Annual,Bank Transfer,Web,0
64,29019.808533927127,49,45.87951228316236,1,8.509697596273671,27.692636505950148,34.40893305234251,West,Monthly,UPI,Web,0
24,70212.8694540109,3,133.81693424990715,4,6.902771143270816,19.54682775506172,25.561379589417456,South,Annual,Card,Web,1
41,63164.12676901494,46,82.50002119010158,2,8.454777214589635,12.577133321762584,37.3825434766823,West,Annual,Bank Transfer,Web,1
54,55320.27050034641,78,86.39880528382055,1,9.498076972252534,7.8294237314873385,33.89098704872971,West,Monthly,Bank Transfer,iOS,0
28,18000.0,83,125.62901396516867,2,3.78771216575605,13.212074868824688,22.185478361069077,West,Monthly,UPI,Android,1
55,37559.015666728286,27,104.84435183936444,1,9.719517364253907,12.739142100408454,32.65381229194503,North,Monthly,Card,Android,0
33,89658.49433086967,37,58.731138025097806,2,6.274202404991794,24.549324030516793,35.70335847269257,North,Monthly,Wallet,Android,1
60,50378.22799861112,53,65.58166227738053,4,6.2905629766062665,25.087809745709308,21.27836226025411,West,Monthly,Card,Android,0
48,72933.01690845052,38,99.84793913569897,1,6.59662244660394,10.650686894663446,20.0760199550966,East,Two Year,Card,Android,1
46,34404.920540544364,17,66.2763683481118,0,7.744143035918784,23.272162431071198,23.264054385999177,West,Monthly,Card,iOS,1
27,96651.52061190308,29,21.482700636384195,0,5.3108677687120975,22.555298290727997,3.0,South,Monthly,Card,iOS,1
42,61831.391478797115,39,83.40277604082766,4,6.715816141025383,9.742234296659477,24.52388711418259,West,Two Year,Wallet,Android,1
62,71380.88872263777,50,40.59362016625572,2,8.092971251046414,17.413269108204688,28.483941847763326,West,Two Year,Wallet,Web,0
19,116167.15542139707,88,133.48845260691178,2,7.5715711237657874,20.38573991710192,23.300599822739514,West,Monthly,UPI,Web,1
57,98361.68221296687,52,90.30362913289459,3,7.8473846744144975,19.142647931021514,25.102069783252364,East,Annual,UPI,Android,1
43,58255.556331684726,37,57.84474829769273,2,6.64925318895191,6.026212462340105,21.60871261960447,North,Monthly,Bank Transfer,Android,1
55,51949.155932852096,63,64.0410275601264,1,8.379306919186519,18.91827718161633,4.026802990411241,East,Annual,UPI,iOS,0
52,57838.0097465703,74,28.318072363782385,2,8.995907407404854,22.453854240021734,36.963352848130285,East,Annual,UPI,Web,0
40,76217.76146648379,41,52.01614339658489,3,8.89394683067661,29.057159182072667,18.689540373384535,South,Monthly,Wallet,iOS,1
34,62685.069046480836,47,115.48969607622098,3,7.926937395833331,13.31846159896996,16.440068852228443,North,Monthly,Card,Android,0
50,56304.628809923626,21,151.95358436477176,1,8.796117434830254,14.181827904297755,34.221845006066445,West,Monthly,Card,iOS,1
25,97277.98751559893,83,106.79189539596875,1,8.680802992995043,16.53793263889173,30.80830421615093,North,Annual,Bank Transfer,Web,0
48,62487.38238088759,83,82.23872384136912,3,10.0,20.038511449218227,24.457592703781998,,Monthly,Bank Transfer,Android,0
22,115590.96004682103,17,72.0412187303825,3,9.270714019082805,18.679124373359986,28.924327507896354,East,Annual,Card,iOS,1
51,66996.33640254781,33,56.30512559270913,1,7.049134967720022,22.230155915769636,11.605104978785658,West,Monthly,Card,iOS,0
50,104277.00467294401,26,146.7929769801922,5,5.650145211510322,10.123694204494004,21.271950633824066,East,Annual,UPI,Android,0
22,72861.02729963379,88,79.33753894406875,1,6.756061566909512,20.777975825075842,33.65305698511524,South,Monthly,UPI,Web,1
57,86185.13261148785,7,148.46889490187513,4,6.635965745480036,12.804492338420422,15.905723627828474,North,Two Year,Bank Transfer,Android,1
39,49058.55686661006,20,126.80558528830183,5,8.069418365133975,16.99666268561095,13.015000255056238,South,Monthly,Bank Transfer,Web,0
58,46217.29710307694,30,32.77610705961179,0,6.0095643831781915,29.956095390793443,22.707435575530212,South,Monthly,UPI,iOS,1
20,75113.53101032972,54,65.02142812722124,4,9.226701191584686,8.21230033863794,22.918513099880148,West,Monthly,UPI,Android,0
27,86748.17133423693,24,64.92864627478534,4,4.8377428899779975,16.043727720924405,27.828148898560165,South,Annual,UPI,iOS,0
43,65885.64304401018,51,82.60460907682781,2,4.424707268262093,9.077479593825625,9.596628064843202,North,Monthly,Card,Android,1
27,36699.34662815866,71,83.19057240658739,2,6.970302786526907,19.071475821862407,3.0,West,Monthly,UPI,Android,1
35,35074.315941634806,79,174.8871728619443,0,5.76764961636763,25.337630407730124,30.291087346949826,North,Monthly,UPI,Android,0
52,33602.999151902695,10,52.683163765757236,6,5.061002448226696,19.18758583190989,12.253162241157257,North,Monthly,Bank Transfer,Web,1
25,26112.31351533362,14,91.8690980699317,2,6.116981076491768,17.182989026650358,16.510086749369304,South,Annual,Bank Transfer,Web,1
53,67408.67790783592,10,103.4952322740341,3,5.905474090565831,27.298816303364365,3.0,North,Monthly,Card,Android,1
23,89750.96627757656,87,84.95283986592412,2,7.217228363098172,20.31351704340501,31.206214138230017,North,Two Year,Bank Transfer,iOS,0
27,64704.85268765421,62,88.30541733344074,2,6.145199659865757,23.736962394182676,25.15304401665278,West,Two Year,UPI,Web,1
48,18000.0,51,53.655733170802385,2,6.283471590974877,23.006801707915944,24.791750896458534,West,Annual,Card,iOS,0
59,60803.269872639925,76,88.19458583808046,0,7.191728279023803,1.0,24.731095757705827,West,Monthly,Card,Android,0
26,61418.42207408264,56,100.34196988523115,7,8.924210670250222,17.46331836065336,3.4585406137166324,East,Annual,Bank Transfer,Android,0
33,111111.97250495967,23,94.82801752813386,3,9.700267291330944,10.453478717830533,13.13350610432885,North,Two Year,Card,Android,0
66,32942.96591576976,49,102.10602711736274,2,7.45120485622291,12.194781740901966,17.934456005984238,West,Monthly,UPI,Android,0
69,56405.092742817695,67,127.37823701908695,2,7.5834233019098845,28.32210275127705,15.26131505977299,South,Monthly,UPI,iOS,0
48,102528.75897198041,4,113.10899625743025,1,6.888582070597071,15.376361182741856,19.55639605318415,North,Monthly,UPI,iOS,1
41,74899.52350962406,58,87.1388384049231,2,8.018122654100434,31.247977370642054,24.215797324109154,South,Monthly,UPI,iOS,0
36,77392.88761736134,48,49.84724944350166,1,7.863372912993036,8.14618105810401,31.05794484629672,South,Monthly,UPI,Android,0
49,67520.85761452532,7,66.99984175866642,2,9.453941061250301,10.414304538058424,8.678163756633696,North,Monthly,Wallet,iOS,0
48,72258.75785045982,26,78.41106544247754,3,3.9892021304357708,23.336454626663794,21.920481518813705,South,Annual,UPI,iOS,1
33,82107.40966612779,43,92.57037494024343,3,6.801353835689247,15.61039936169044,28.403893110313994,South,Monthly,Card,iOS,1
19,47191.30098435914,33,70.65001715501815,4,7.7766227775169945,20.15129135620735,13.683251470253623,South,Monthly,UPI,Android,0
25,84317.2887359804,28,56.92800402446945,2,7.155317272178411,17.213852215411748,20.26450503608909,North,Two Year,Bank Transfer,Android,0
67,34793.933628518134,62,49.35403932638989,0,5.60340584543661,17.001966334237945,26.198969039386146,East,Monthly,UPI,Android,1
39,72224.09540229384,39,35.46466722833407,2,4.991076645291189,15.870347518875466,22.10087973531564,North,Monthly,Bank Transfer,Android,0
43,68932.3011922992,48,77.95147888676293,2,8.570748124249066,19.25645352285416,28.06777984509457,East,Monthly,Card,iOS,0
42,51441.552059773625,76,40.91003673789085,3,5.9132260543260955,22.49146801269532,22.85228332344637,North,Monthly,UPI,iOS,1
58,64500.92394283577,9,54.984229475278234,3,4.216669164440477,29.300955056807332,19.193237143021797,South,Annual,Bank Transfer,Android,1
21,51304.11664135783,35,73.18294381467092,2,8.656173862016827,16.582412252600275,11.445612206225128,,Monthly,UPI,iOS,0
22,41422.57080904162,7,44.922480718256985,1,7.980270930758311,15.24453193054887,24.224517007722973,East,Two Year,UPI,iOS,0
32,57220.47568449983,89,96.3925656549609,3,7.003014034321,14.342769104786075,22.899754997431334,North,Two Year,UPI,iOS,0
43,40712.25002182345,18,107.20669190817063,2,5.645262292306252,28.288486985227493,13.0645117497496,East,Monthly,Bank Transfer,iOS,1
52,72101.54421005146,78,68.51718940673804,3,,22.832274279796724,27.238502423607372,West,Annual,Card,Web,0
43,39698.119128648,19,71.88918077169996,0,9.266498920882649,4.706766014932807,33.41131155706018,North,Annual,UPI,iOS,1
40,80663.49450580313,31,101.12289310417232,3,4.455011213751041,4.398155080425326,16.05916238832391,East,Two Year,UPI,Android,0
66,39007.46050556596,58,63.58014708295963,1,4.54123805154269,12.189594843513401,15.451310701498368,,Monthly,Card,Web,1
26,52541.51185721786,79,61.517982652081145,1,6.132798951048902,19.611018108380623,15.122662987708134,West,Annual,UPI,Android,0
47,51258.72501926606,17,120.89495434558872,1,7.154705732451552,17.765709025469167,6.892046030314665,South,Monthly,UPI,iOS,1
46,94153.22803524646,21,111.52563216138361,2,6.356303773597573,21.603449862905766,40.040335181875854,West,Monthly,Card,Web,0
42,72266.37880356502,84,103.04650007031759,4,8.292788177783933,16.77189590471704,17.960031575358077,East,Two Year,Bank Transfer,Android,1
59,60341.85634402333,31,112.76933864182278,5,9.05101770556219,27.7819313996526,14.273912403271861,East,Monthly,UPI,Android,0
31,75971.82770353391,20,25.68163823897911,4,7.673906916832696,23.40477965141811,11.859024577095918,,Monthly,Card,Android,0
67,18641.768358746864,71,125.61506640379322,2,8.152734984385377,18.543036249809802,18.50829280245417,East,Monthly,Card,Web,1
35,64051.06102790004,9,96.76186349751227,3,7.662569238440243,26.017376013738737,15.74311570003015,North,Two Year,UPI,Android,0
46,108945.31191170478,83,115.32344152017205,5,7.216163754556041,6.457656429793454,34.942658680844985,South,Monthly,UPI,iOS,0
45,67911.62314085879,84,96.61485337349087,2,5.000950210315018,17.40447701134343,10.761359655425753,South,Monthly,Bank Transfer,Android,1
62,66494.08972172538,82,86.46774474040468,2,5.452414097075533,18.962586142895898,8.153191918404962,East,Annual,UPI,Android,1
40,77058.82435212831,29,76.74072362913836,3,4.903438589147724,22.214255499667566,26.966056740586705,West,Monthly,Bank Transfer,Android,1
32,84703.3153529156,11,96.01433130658616,2,6.947541848566158,5.993837980199656,21.035141533216223,West,Monthly,Card,Web,1
19,21055.732756423087,41,75.64756273286343,3,7.594872653132433,16.177151651878628,19.99349647348796,North,Annual,UPI,Android,0
36,27988.817400597407,32,111.03628300195336,0,4.73625394587166,20.80322557445752,27.036726216740178,West,Two Year,Card,Web,0
60,69626.40840389523,92,37.40630066343399,2,7.323411580073413,21.34013488478135,23.2304047356508,West,Annual,Card,iOS,1
18,49272.715638254784,61,68.75272414617167,4,5.7121322419576455,26.30290889017941,21.57864171825743,West,Monthly,Wallet,Web,0
64,93864.55576883811,90,146.3446974542994,1,5.38236111598734,23.330537326847214,9.349185082687237,East,Monthly,Bank Transfer,Android,0
46,58066.163422525075,72,66.21758609282823,3,6.136905991846795,17.574077654395712,6.987143652953536,South,Annual,Card,iOS,0
25,22440.323814311407,68,77.83948830809565,2,5.295189952813422,22.724816242641282,15.69614456838507,West,Monthly,Card,Android,1
33,37103.693829432064,11,58.522571999497714,1,8.231320500530787,16.590454551117574,12.240715531909633,East,Annual,Bank Transfer,iOS,0
46,18000.0,7,95.07537018657472,2,6.914392489316824,19.027417669339968,24.42285218670868,East,Monthly,Card,iOS,1
34,59849.23817977592,5,62.912053295734154,1,8.5858638968789,23.56361645103154,5.811565803612133,North,Two Year,Wallet,Android,0
23,60855.54920018357,57,79.4316719557885,2,6.446056201419342,17.6828944476837,17.975559163582897,North,Monthly,Card,Web,0
52,55661.82038479825,20,110.46599608105211,3,6.510333694797735,20.533927756722864,20.442326275014018,South,Two Year,UPI,Android,0
52,88735.33885865426,94,64.03709743555552,2,10.0,24.729161385219086,21.643102484215422,South,Monthly,Card,Android,0
24,91367.43640336726,13,108.65833357795663,3,4.440797198143423,22.985154025173372,25.590678364385866,South,Annual,UPI,iOS,1
32,61251.454686165554,90,109.6668794668107,2,9.383618113813489,26.634302991169587,19.06113825858138,West,Monthly,Card,iOS,0
30,18036.73931550917,64,116.64868284157882,1,10.0,34.29913808567038,15.992571964356054,North,Annual,UPI,Android,0
52,78580.1947708297,11,89.21622984754121,2,8.501889743644549,22.920494413498602,33.20032135404812,North,Monthly,Wallet,Web,0
55,77217.92502718866,6,182.23777230930358,1,6.6382002020692585,14.770952140166717,19.11970580308749,South,Monthly,Card,Android,1
55,71806.61454345279,38,116.63601089626246,2,9.62573352195756,21.582761334738606,34.7721733079887,North,Monthly,UPI,iOS,0
66,86592.55448477855,33,94.7463287322048,1,6.653005688187002,21.28172891543292,19.073854755000863,South,Monthly,Card,Android,0
57,39373.78187785712,30,58.722267577547946,2,6.000164504291774,22.294574854572673,21.853573030571823,East,Two Year,UPI,Android,0
34,109192.61849607306,51,82.08822622377578,2,6.539943814874172,28.465113730661603,20.751273872484447,West,Annual,Card,iOS,0
23,43892.5894308789,13,127.78980930700102,3,6.2306706434984855,6.211219437111955,24.080967477690926,North,Annual,UPI,Web,1
49,81482.9043984188,13,136.28603846878806,1,5.5907406876367105,28.596865939308138,18.221366245936434,South,Monthly,Bank Transfer,iOS,0
65,27878.350722906267,67,129.3498730132069,3,9.08701331798524,30.95291807640679,22.86521476371174,,Monthly,Bank Transfer,Android,1
68,44534.176880058876,95,108.55576920188858,3,5.885137800542968,21.976494642891502,35.77732623936065,South,Monthly,Wallet,Android,1
29,98360.1102279574,27,47.330193811132844,4,7.149600118833666,22.14494556856193,31.439666107521056,East,Monthly,Card,Web,0
30,59260.2038939813,89,99.6148545347701,0,4.745587788022034,16.308486349183507,31.5016450925758,East,Annual,Card,Android,0
19,83478.29731292155,33,47.757928658410066,2,7.2523781589736265,18.044267928716934,9.922624853552499,West,Annual,Card,iOS,0
25,70213.01855182342,32,40.37586419857725,1,,22.885665114037064,11.378920524689985,North,Monthly,Bank Transfer,Android,1
46,62690.9205679962,9,92.17476053731716,4,5.193174101027104,22.43486674939227,23.959758304812905,West,Monthly,Card,Android,1
46,95004.70714851917,41,100.69598341809251,3,7.014210552836659,23.04496811002371,28.936641329103423,West,Monthly,Bank Transfer,Android,0
37,59793.505857658194,48,112.10131295442415,1,8.99685285080759,22.386680001222985,17.327780028026943,North,Monthly,Wallet,Android,0
34,25823.76163360365,64,99.91408721158282,1,7.948703269157654,24.28872981899659,15.721736226194169,South,Monthly,Card,iOS,0
61,47328.717977062486,16,100.94757957228245,3,8.065504656425691,23.50654068989953,34.54458702405668,South,Monthly,Card,Android,0
41,77126.21803143727,18,55.460422450228705,0,6.979140794035687,10.829559343179078,28.17289000078276,South,Monthly,UPI,Web,1
60,73701.20033997518,42,81.85069945946,2,6.629411549244121,23.82587630455516,31.521880126565556,West,Monthly,UPI,Android,1
68,30524.718494820358,7,39.786496430965364,1,8.5449390854402,31.010106314913592,18.026949474100974,North,Annual,UPI,Android,0
34,49064.46457301958,14,24.89892611799413,1,6.242598824054636,17.813612736312184,17.319814714157403,South,Two Year,Card,Android,1
28,52202.130317550575,60,107.21928129529222,2,,28.49635963587734,30.54001544196842,North,Monthly,Bank Transfer,Android,0
67,56959.66892948705,91,62.406268186271234,2,9.301109796187902,11.578932900618863,19.635467257696913,East,Monthly,UPI,Android,1
51,34729.90105076587,55,111.17495506429161,0,5.7696424689411785,17.791661662726955,16.502286735471664,West,Monthly,Card,Android,1
33,51175.83562137147,14,118.25042733640116,0,6.0194426574235464,13.511892937330991,13.781232072533065,East,Annual,Card,Android,1
50,48970.569324290394,95,66.42048026130408,2,6.2723176390951725,27.65454876696659,17.398343743243764,East,Annual,Bank Transfer,Android,0
44,81973.73171476222,50,102.70933283665897,2,4.706163536219198,29.483335880861958,29.87575196312809,North,Annual,Card,Android,1
65,82800.66884178536,69,65.16529814159075,0,6.402015356222442,17.305627159387065,8.413016289448425,East,Annual,Bank Transfer,Android,0
31,61792.16992204605,19,29.62363376119528,1,9.412464553273159,26.197430658632953,27.661472215095337,South,Two Year,UPI,Android,0
69,56375.12449084391,55,88.69928213327375,1,5.422521578029909,29.554386395323334,15.626031171284662,South,Monthly,Wallet,Android,0
66,68078.33486486049,8,70.87378360852718,4,9.452833384711713,17.769567994268314,20.107296446917506,East,Monthly,Bank Transfer,Android,0
27,47035.34763597735,60,71.79732968238605,3,6.463144421479769,18.908261282578884,20.683789774443795,West,Monthly,Bank Transfer,iOS,0
26,39769.694192316296,20,144.26029353536575,1,10.0,23.135307587388887,20.013296155264197,East,Monthly,Bank Transfer,Android,0
45,44315.13340363423,87,39.22429051801985,2,6.040917788963773,12.10223412935801,19.41585133076078,East,Monthly,UPI,Web,1
20,51034.110392627954,6,96.48613406114413,3,6.955230685302329,18.770683166501925,18.000796595429225,South,Two Year,Card,Android,0
33,,62,55.15578288565746,2,,32.99950974341357,16.857173434527372,North,Annual,Bank Transfer,Android,0
40,68565.31029938324,14,112.24784227801973,2,6.030908684904095,14.499905358247922,33.87796192268925,East,Two Year,UPI,Web,0
68,81053.74482324158,66,93.95293708525197,4,9.474904583659265,23.976783684945598,22.22544384462935,,Two Year,UPI,Android,0
69,30083.83738243868,47,96.3803304754184,4,8.006712364736266,21.666631122959082,20.86646536097547,East,Annual,UPI,Android,0
25,65552.83164675273,92,56.653311471932206,1,8.948990224601664,16.853638639079335,16.198125498831224,East,Two Year,Card,Web,0
64,60161.412504140615,62,62.0323626013503,1,4.963498188316945,19.551585650365745,18.328505609823857,South,Annual,UPI,iOS,1
22,72513.19108180967,36,112.81751522037658,1,8.313208370368455,30.268339471776002,16.22945912474769,North,Monthly,Card,iOS,1
56,64715.34710172106,9,138.1239316518269,1,5.548546361575199,21.875180026055105,28.888097547230508,North,Annual,UPI,Android,0
61,33020.815841504125,57,99.40923451672562,2,4.926558527844151,22.96873036282884,15.21760822176166,East,Two Year,UPI,Android,1
64,37227.435425142365,42,58.07737837685701,4,7.605902436051045,29.20603607376229,3.0,,Annual,Bank Transfer,Android,1
29,65647.3186628694,5,95.16815567386205,0,7.588515166799403,15.974126941012821,22.524772337183975,,Annual,UPI,iOS,0
64,87633.18023440121,56,157.82416133012828,4,7.290687836708556,10.671595631135084,19.485482551868117,East,Monthly,Wallet,Android,1
24,18000.0,20,88.07268432156735,3,8.419849301467032,30.378431741131955,16.727906048734283,East,Two Year,Wallet,iOS,1
44,72605.98475563475,23,128.85522578180797,1,8.685062739977251,18.955652478329014,30.204005079529267,North,Monthly,Card,Web,1
42,91171.68411632815,1,62.79011902483864,3,9.698539876629292,24.255205951043095,3.0,North,Annual,UPI,Web,0
34,61633.43072346331,36,83.7374184509084,3,5.17641690288008,12.663695700664476,36.18619658472901,North,Annual,Card,Android,1
19,77104.4549125817,21,103.58695618376628,4,9.753427617265382,20.719684136723153,31.492099844027422,West,Annual,Bank Transfer,iOS,1
58,49532.480220248355,7,96.91984924788592,3,10.0,10.321470505967,16.34752063124664,North,Monthly,UPI,iOS,0
35,62373.94361590871,42,62.00833959666518,1,6.577408972031542,18.44617887809665,17.942941554852982,East,Annual,Card,iOS,0
52,29339.902597220665,21,60.71447628608201,1,4.363564138775601,13.464537703752043,26.539482563164203,South,Monthly,Card,Web,1
39,18000.0,13,114.64853209307975,2,4.8480518477825,11.85641965561214,26.78094390856898,East,Monthly,UPI,iOS,1
37,85740.84762695606,45,120.74652437950435,0,6.41485265241269,15.878141314438535,16.295063281855953,North,Monthly,Card,iOS,1
64,43330.11159006228,7,130.3643067436576,8,10.0,1.9462654992225552,7.449009215221659,West,Annual,Card,Android,1
22,54978.38740992453,95,139.11791449758604,5,7.229036000345404,9.880682935557267,41.02323449081804,South,Monthly,Bank Transfer,iOS,0
56,34498.27042805575,45,89.0385830896779,6,6.150787001521918,23.476899093822297,30.60511644941996,West,Monthly,Card,iOS,0
56,33980.66653215473,95,75.6640226730522,1,6.034816160792595,20.43366472683409,23.41167725464915,East,Two Year,UPI,iOS,1
37,61175.57059791844,84,125.52972816335406,1,4.951372047490155,10.480691371261747,23.581977243160402,South,Monthly,UPI,iOS,1
31,48949.30172901577,94,106.3920784555476,2,8.686779250456663,21.835114986255462,27.591853256468692,East,Two Year,Card,Android,0
18,73315.36195588336,52,55.52634223997226,2,7.043483133977556,11.852508494936803,28.669569574405088,East,Monthly,Card,iOS,0
66,74955.84521755102,41,53.99093003443266,2,10.0,23.05374709289393,3.2226999026082908,North,Monthly,Card,Web,0
67,72058.69221914136,69,99.75790604068928,1,8.267955973924966,17.19052648576722,18.84215218571206,East,Annual,Wallet,Android,0
30,70249.21740042575,8,79.68176015548,6,8.61089173729736,15.72413794725371,17.906530394161074,East,Monthly,UPI,iOS,1
19,99710.9005085015,80,84.20710135777908,1,6.788421787737447,17.362554633907816,20.54708807348216,East,Two Year,Card,iOS,0
24,41512.93708101251,31,117.17600094130583,2,5.345248425105071,35.916699196659955,28.937145488276315,East,Monthly,Bank Transfer,Android,0
21,63791.43294353581,1,107.77111434955107,3,5.7149123334403935,12.688389363343546,5.889278222884197,East,Two Year,Card,Android,1
61,89919.17605143096,23,124.89619745255295,1,4.872280195388561,19.585910663864652,9.857718529929606,South,Monthly,Card,iOS,1
64,92819.87580543681,24,27.053916808799002,2,,23.469580966446596,15.86429467117936,South,Two Year,Card,iOS,0
25,33721.199714419396,2,92.60193751663603,1,6.545644181681993,11.263110056377458,23.389106138199047,South,Monthly,Bank Transfer,Android,0
56,58128.18028357086,64,105.84065567191621,2,8.819250917306512,6.8401951381584745,29.489130520063362,East,Annual,UPI,Web,0
27,94878.66410907973,10,39.20242429936948,2,7.431054483922858,13.79231299926479,36.681910776050415,South,Monthly,UPI,iOS,0
37,76177.74031437944,81,65.35313076070084,1,6.702208795190242,23.316242407762076,19.42281220104086,North,Annual,Card,Android,0
49,69295.786692555,44,59.78544513013243,3,5.211675180553465,15.605975837902019,29.474328186624863,West,Monthly,Bank Transfer,Android,1
55,60210.93674443755,69,85.65094513179749,4,7.712775646036552,16.382258480472824,28.39146230439175,North,Monthly,Bank Transfer,Android,0
63,56556.3796344296,33,133.8356190608219,1,6.828323872040449,24.375387559044558,26.87502235963117,North,Annual,UPI,Android,0
20,71340.81938798714,13,145.67768213994702,0,8.733712677524217,12.355598443535985,21.781471541456195,West,Monthly,Card,Android,1
28,59447.769250341364,18,60.57137340780153,2,5.983801851011482,17.378712821977185,18.404212554035468,East,Annual,UPI,Android,0
32,64063.27033702223,62,100.79671751480723,3,8.24738321494496,7.403112710782269,12.411406024576484,West,Annual,Card,Web,0
34,66729.17153453082,69,101.76393556426945,1,9.989442307578313,20.24503342508057,11.815664204904495,South,Monthly,Card,iOS,1
69,50082.42637314302,26,96.62877314544244,1,7.663345054921524,19.60654952197887,25.12373641148205,East,Annual,UPI,Web,0
58,76706.84622539164,34,96.96938904217703,1,8.534995469661197,23.568754087170525,21.510197407462776,West,Monthly,UPI,iOS,0
34,129113.38226513923,90,94.11227507353985,3,8.172213418501885,9.983207078300298,18.26043359943833,South,Annual,Bank Transfer,iOS,0
68,25906.293934826346,81,135.62710362419259,2,10.0,16.656786934593082,27.98327763667128,North,Monthly,Card,Web,1
43,72128.27553217956,40,118.07399543104174,2,,9.050707476792692,20.195597496201028,North,Monthly,Card,Android,0
44,48275.81805038408,23,53.19538307205198,3,8.389930047950367,16.277253196909406,13.781387615932942,West,Annual,UPI,iOS,1
40,77702.8567054235,29,108.87163242641648,2,7.138330751522874,28.372516528088575,19.60151737872835,South,Two Year,Bank Transfer,Web,1
25,66024.26441321294,52,111.77120123534357,3,5.883539489339309,15.75473070818212,29.38566862487194,South,Two Year,UPI,Web,1
66,81760.80502893419,54,94.44901861455367,1,5.1461013343420134,8.438561230285677,12.788380730416733,East,Annual,UPI,Android,1
18,90861.14468319315,18,118.94273111508188,2,9.353770911582348,13.240845145176287,23.88349135783789,West,Monthly,Card,Web,1
27,69233.26459089998,7,90.64222102897112,3,5.485789068717683,6.723337166079521,21.501168300455042,South,Monthly,UPI,iOS,0
29,89905.15034511192,48,91.01403163228753,2,8.467969649631835,8.929589848349465,15.152710977674914,South,Monthly,Wallet,Android,1
32,18000.0,76,88.6372163403113,4,7.907228271652395,22.6969086324678,19.35983031664458,West,Annual,Card,Android,0
24,99989.95055415251,15,24.452677426009934,2,8.760235086322744,7.8760173384652745,7.854852920992107,North,Monthly,UPI,iOS,0
18,73251.36734163149,39,82.58804818282378,1,6.324989561608529,20.186300132484146,22.986761747415994,East,Two Year,Card,Android,1
53,88712.553826394,16,64.95248276636288,3,5.855759145378542,18.180198731178013,9.717403149423763,North,Monthly,Card,Android,1
68,38162.733613486525,24,49.406560654223284,2,7.843232124769588,14.27930225634666,31.65193495500511,South,Monthly,Bank Transfer,Android,1
24,46723.062604682615,59,128.02054854218568,2,6.703019155547228,19.59144986040444,21.172248192692305,North,Two Year,UPI,Web,1
33,68210.64247118503,28,100.12622555603373,4,,11.436369434569212,16.85367709087653,South,Monthly,Card,Web,1
44,64625.16643457581,26,84.10506757166357,0,10.0,23.885910805789326,32.44503395250808,North,Monthly,UPI,Web,1
66,71227.50893621978,95,68.05589946692722,2,5.854606117863673,13.111617909993683,12.713360401977088,West,Annual,Card,iOS,0
54,88859.33354045925,17,93.88508753886221,3,5.510824389625475,15.295431779751791,15.270853847481956,,Two Year,Card,Web,1
57,26165.15306333732,18,114.7430827995254,3,6.788369194095059,14.462542962220251,5.53678004171519,South,Monthly,Bank Transfer,iOS,1
48,86424.0195777808,89,60.19102469359177,3,9.329859567568453,22.82631495085436,33.78555673899499,East,Monthly,Card,iOS,0
39,65182.20201907439,53,84.8551488317017,1,3.5165504266898524,21.811107394562296,38.85579126933877,West,Monthly,UPI,iOS,1
28,60516.79905525995,5,111.04199496553517,0,9.188802144778263,1.0,6.93765419627147,South,Annual,UPI,Android,1
62,32635.464843532412,41,26.9199661274761,5,5.650495047524285,19.779700553947254,14.658048034450005,North,Monthly,Bank Transfer,iOS,0
59,76067.07070429104,54,83.27290712783788,3,7.649692908184033,5.787850177220934,22.628322233572465,North,Annual,Card,Android,0
19,18000.0,25,72.12125888357384,1,6.050788165069539,15.610748014675858,17.358752766922123,West,Monthly,UPI,Web,1
55,79264.66824725168,53,80.98510426734899,2,10.0,17.2427818477731,21.718164944713916,West,Two Year,Card,Android,0
22,32173.671619594177,62,69.95114330884292,1,7.411854147291998,15.535592393277142,20.94161852460723,South,Annual,Card,Android,0
56,66176.07407758443,24,89.12873815621887,5,5.996244364419899,21.505734554692417,25.66796674160474,North,Annual,Card,Android,0
60,62378.28557878575,78,142.70881661268155,2,6.688144752875926,23.040535962556724,13.351310554414479,South,Monthly,Bank Transfer,Android,1
24,90729.83924046544,44,75.28232578214347,0,7.352383027332869,12.585739450264967,23.733936852198195,East,Monthly,Card,Web,0
40,61069.58628169441,92,93.7513302728232,0,7.5020502331957415,12.331420982518754,11.954853193817222,South,Monthly,Wallet,iOS,0
24,49728.95165479535,9,144.8423925522734,1,,17.748213124432382,18.29327875571584,North,Annual,UPI,Android,1
47,53854.74068863354,31,68.49953264882333,2,7.197612166940065,7.193875436036908,6.369238052409809,South,Monthly,Bank Transfer,iOS,1
66,93003.4209126026,69,139.44026046786908,3,4.858823891765184,14.66115417368625,18.35906627693588,East,Monthly,Card,iOS,0
22,76798.53332197966,86,85.15969019881322,6,6.621544959467177,27.4365448337115,16.84536175382823,West,Monthly,Card,Android,1
38,56516.14040649045,22,138.4568867759478,6,8.23131923722946,7.455896043524991,30.49221421064796,North,Monthly,Bank Transfer,Android,1
68,59798.178760780705,94,107.50603374838957,0,6.061199229155699,15.619178484806143,21.46665934912359,West,Monthly,Card,Android,0
33,30522.104007120164,19,94.21325087747265,0,8.343728175487241,13.853894309489185,23.102529097934354,South,Annual,UPI,iOS,1
24,73546.43241873391,40,83.0310795434024,3,7.253920826028278,32.03687516971431,21.79793174352536,East,Annual,Bank Transfer,Web,1
43,26284.054430699754,30,66.27875680362368,3,6.829841733496967,14.234971553312427,3.0,West,Monthly,UPI,Android,0
44,81539.52224838003,41,87.27374649893058,1,9.230044617317308,14.641323802490529,4.027483658454987,East,Annual,Bank Transfer,iOS,0
52,67829.67503480785,86,111.92084377060073,1,4.245176544546721,10.784645505387886,19.13190129957276,North,Monthly,Card,iOS,1
34,117512.9395906263,70,84.60665707009989,2,6.051954472950096,18.065252624970757,24.50703989356425,South,Two Year,UPI,Android,0
67,40797.01781806527,76,75.50131584814427,0,9.295128806453919,19.891169385165814,19.88621326551899,West,Annual,UPI,iOS,1
45,62741.433997106076,25,77.47652397466682,1,10.0,11.79926106666284,14.223469225598947,,Monthly,UPI,Android,0
32,104562.32942030739,90,114.7742984074916,2,10.0,24.921059605053756,19.837181925708673,South,Annual,UPI,Android,0
67,91210.57208641112,42,121.75484365299567,7,7.2856044015751165,19.897445090019563,19.05623019360045,East,Monthly,Bank Transfer,Android,1
66,49683.33486524221,62,64.98548458694889,5,7.978425545346423,23.96329488135627,29.011029239941358,South,Monthly,Bank Transfer,Android,1
43,69927.28342421586,67,64.9423642765753,3,8.589627306300635,15.703051305120566,28.507179836792247,North,Monthly,Card,iOS,1
19,65043.98584113192,63,96.38076759001336,1,9.367627962669083,19.702290316239335,17.019269251207266,,Two Year,Card,iOS,0
49,,58,130.82596194271764,3,7.732256288947094,16.508324535881428,21.550681715357108,,Two Year,Card,Android,0
46,49629.03040833375,46,119.3797092493768,1,,28.203770846438047,24.48579357573168,South,Annual,Card,Web,0
25,63034.95114058384,62,47.44443363460265,1,7.9816154607556875,18.813848961597436,25.821799558966127,South,Two Year,UPI,Android,0
50,29842.847743912294,86,77.07772090024413,2,8.08778070124424,18.06127763820499,36.873382817113985,West,Monthly,UPI,Android,0
61,67972.7159410978,38,57.081893359314634,1,5.638772297269864,14.7923060068536,21.746671317925454,North,Annual,Card,iOS,0
23,74900.4548152803,49,76.97462434254226,0,6.64033667706042,14.388254586694853,32.51870323785867,North,Monthly,Wallet,iOS,0
55,59996.77292183455,18,133.13229988106065,0,6.311292363267707,19.66405452376679,11.559252301207575,South,Monthly,,Web,0
25,29468.880407134668,34,42.321980536509486,3,5.178877728916513,23.737112215609002,16.260935579043604,North,Two Year,UPI,Android,0
56,,74,36.4340412015943,2,4.392271118841444,13.208093314629384,3.0,North,Two Year,UPI,Android,1
39,73019.55083584166,61,60.14337539699193,1,6.479833252393348,18.8860549402329,23.36175886008762,North,Two Year,Card,iOS,0
18,49027.66785057851,21,93.61931807727979,2,6.751400045058359,19.289186437133804,27.827715593729497,North,Annual,UPI,iOS,0
68,58826.79016956259,52,103.62264461922271,3,7.378563029247331,20.508544614629272,3.0,East,Monthly,UPI,iOS,0
26,31985.273138799545,78,98.12345304584599,4,8.144754329428238,6.047525186974969,23.694577308317562,North,Annual,Card,iOS,1
48,42440.9771888861,12,120.27056209693049,4,7.519807814129898,11.526871102023083,27.437893125086603,South,Monthly,Bank Transfer,Android,1
27,53168.150380142935,6,32.10743217298212,2,6.7632509981980204,8.439088359146695,26.925138367045957,East,Two Year,UPI,iOS,0
66,92025.25787016333,38,120.65009615076812,2,5.644285263179313,18.23019098656222,11.237249919688175,,Monthly,Card,iOS,1
56,50930.925400475535,63,75.63714039861125,5,8.69101746575207,11.693186410767822,28.95807975783023,North,Annual,UPI,iOS,0
59,79084.70050523269,30,106.94482929414603,4,7.026902230608018,14.526312171012766,22.083740476468588,West,Annual,UPI,Android,1
40,53157.04353704525,78,45.29723719710387,1,6.462557348488254,9.640036332624078,27.31933857024864,East,Monthly,Card,Web,0
42,70454.84633874125,81,85.14870091027211,3,6.883027719897442,15.17734423982538,20.86727898237675,East,Monthly,Card,iOS,1
50,61889.298952836354,51,92.0881231176704,3,5.954334609496997,10.131274791468618,25.429336303499156,South,Monthly,Card,Android,1
58,84207.24520204036,36,119.67253112495254,1,6.297854330201119,23.305359094230653,31.983122200367,West,Monthly,UPI,Android,1
62,53234.15055919172,4,37.44236132176704,3,6.24382086740668,21.354595788569046,20.163801513078262,North,Two Year,Card,iOS,0
18,30404.378499946302,79,85.92257645604712,2,6.711526389399204,19.05160497032047,24.55694328007038,North,Monthly,Card,Web,1
52,34597.12131000008,86,52.44294126573571,1,8.314783426590752,15.88640649223602,33.24791825731111,West,Monthly,Bank Transfer,iOS,0
23,53298.69513325934,43,100.16488132624825,2,7.892090516519034,3.736192635880924,20.800928516712176,North,Monthly,Bank Transfer,Web,1
32,37520.680645082844,50,108.31649609368378,4,9.829453592377334,14.79255362153608,11.871434511239363,East,Monthly,UPI,Android,1
61,74024.66434495013,72,123.61510727524264,1,9.259939456590415,12.66980419418838,28.084388117403947,North,Monthly,Bank Transfer,Android,0
31,54753.10037312229,67,68.94911637074877,3,10.0,19.730919520858652,34.91389849548436,South,Two Year,UPI,iOS,0
59,117241.3441005815,13,112.81679457066372,3,8.15056941544041,22.337950181630603,33.59905161535805,East,Annual,Card,Android,1
42,26770.278906983098,64,125.8270476243116,1,8.123278878035002,20.272428637451604,28.43488989695986,East,Two Year,UPI,Android,0
30,69479.92993161562,88,35.702590904336,2,6.371393178016869,26.841268163886117,3.0,East,Monthly,Card,iOS,1
35,40185.03348287528,72,103.37034760295352,3,,14.021800359304372,16.277505457033197,North,Monthly,UPI,Android,0
45,54145.17051158107,46,113.75533761340319,2,6.084601218926748,13.731568830755496,16.738595611070775,South,Monthly,Wallet,Android,0
57,68111.22841349198,50,77.23820840837688,1,4.700225608551317,25.265147602318038,22.403815526453073,East,Monthly,Card,Android,1
49,18000.0,25,48.67679267424675,6,9.794749766821184,19.16351476176694,37.194383509966045,North,Monthly,Card,Android,0
66,70210.17456933661,63,113.28867268328989,2,5.076391289124459,16.27100881620449,12.275125297985236,East,Monthly,Card,Android,1
63,106863.96417003169,23,49.0147351732673,2,7.946048042312517,30.925648014263476,42.17981879736787,South,Annual,Bank Transfer,Android,0
57,55024.357435890954,33,79.64945696467294,1,5.7034366661832845,22.04411383167878,18.55904833053182,South,Monthly,Card,Web,1
49,70715.77284972121,26,83.79627826590013,1,9.115334958746118,16.666190782461417,15.097888178738994,South,Annual,Wallet,iOS,0
33,87548.27724875878,32,106.46614155111999,1,9.347014975810183,13.1983863044689,29.606842410806095,West,Annual,Card,iOS,0
39,61393.02299940608,35,66.20105321462403,3,8.099602272619416,27.285588701087082,30.318738401417132,South,Annual,Bank Transfer,Android,0
24,52218.87585230737,8,64.46248933516435,3,9.318820006109538,19.448979146227686,27.84952219921361,North,Monthly,Card,Android,0
37,18000.0,69,87.96746436289332,3,7.2124730289129095,18.171618436768988,15.074900798745956,West,Annual,Card,Web,0
66,79101.79582668941,42,115.19171432859247,0,10.0,22.73393499218563,26.518253149651656,North,Monthly,Card,iOS,0
40,62510.29498596426,91,153.62350001959442,0,8.468480896937942,24.16061499797782,12.69798030489408,West,Monthly,Card,Web,1
23,42720.95526946044,18,39.77556400663676,4,5.669062348639722,21.84908989143628,14.824787224178127,North,Monthly,Card,Android,0
51,67785.12762610926,64,94.46026053359735,2,7.318331404865036,24.187829029423607,21.146168523061682,South,Monthly,Card,iOS,0
68,52159.032150264014,18,52.40394921297124,1,6.940746555434385,21.159620512318774,14.620327600890082,South,Monthly,UPI,iOS,0
63,53374.62511545844,52,115.56433729620228,5,6.774279100655977,21.884234084011585,31.474734230907693,North,Annual,UPI,Android,1
32,78338.40543439158,47,56.84366358072301,3,4.382863312571349,12.878535016095956,16.79649221281362,East,Annual,Card,Web,0
41,35555.586950875426,43,64.76055345453028,1,7.857669725553882,30.672477171322914,20.015894035470108,South,Monthly,UPI,Android,0
45,88040.93629362268,63,67.3218742280801,4,4.8442199358010605,9.36426338706508,14.078215464933852,East,Monthly,Bank Transfer,iOS,1
30,34250.904411395124,79,82.71403183840589,0,2.9068076231119484,20.16564330148232,31.338488302794993,West,Monthly,Wallet,Android,1
31,50420.56901618419,31,94.69592790576122,1,,8.642630592749747,16.004857230852764,East,Two Year,UPI,iOS,0
30,107304.8162694647,81,99.51104180825541,2,5.914980789233196,17.313098828148313,32.27809992470278,South,Monthly,Card,iOS,0
69,89801.8047561333,18,84.8269736145165,3,5.73538707851956,14.000944534923406,31.616892267540265,South,Monthly,Wallet,Android,0
56,67147.28783489969,28,45.10326932678256,3,1.9247368843786141,18.950291099407885,17.986531441492758,North,Monthly,Wallet,Web,1
61,44308.33525897324,30,106.83358450930568,3,5.753567110879818,20.392303769503517,22.267010274349133,West,Annual,Wallet,Android,1
60,53356.00925260235,91,83.41124009010916,2,6.904808829206406,11.305664079037856,17.736619210888435,East,Monthly,UPI,Web,0
67,66612.05692088533,12,119.85204370044096,2,6.121938301836641,17.79409881533897,26.911497957312797,East,Monthly,UPI,iOS,1
23,65825.51111147116,38,63.7678366156019,4,7.8584842496306635,27.755719557193977,20.249758198039892,South,Monthly,Wallet,Web,1
63,63000.83954822882,41,36.931758179470165,4,9.567523102408456,8.814144317489776,18.242674026045115,South,Annual,UPI,iOS,0
21,64321.684690147944,77,83.97921991950774,1,8.077824648433797,12.021623615865535,22.41561246916042,North,Monthly,Card,iOS,0
42,60283.74758648749,47,123.87858064852794,5,8.944870299973376,24.025282535407342,7.760058128267106,North,Two Year,Wallet,Android,1
48,33276.46781591972,92,89.82826409848153,1,9.085515372402362,18.542883692724942,21.317365796754295,South,Two Year,Bank Transfer,Web,0
36,53636.763672461675,71,79.0099060248143,3,5.467936695986589,19.05808450877195,27.84650773125442,North,Annual,Card,Web,0
25,85121.72918771062,67,58.889589470277,3,7.946494977566531,25.15611644084629,23.242489422350523,North,Two Year,,iOS,0
27,34896.64545387542,72,137.73299400042467,1,8.891767500721292,12.441519087411953,30.56490909152379,East,Annual,Bank Transfer,iOS,0
60,60829.778746135875,16,54.11192215345662,0,6.458867187317585,14.364653389316832,18.60431720925302,South,Monthly,Card,iOS,1
34,46965.41356704143,43,63.238172271152806,2,5.855934694948505,13.50150693473213,17.866383589063716,South,Annual,UPI,Android,0
34,67449.70944675845,56,102.10102588252069,2,8.101690980667954,15.562578668651062,11.944128964214508,West,Annual,Card,Android,0
66,56450.07001653,20,29.31937930339631,1,4.681230917960946,27.37665459463375,18.348295868061467,East,Annual,Card,iOS,0
25,97502.66062944272,12,123.23771996144019,4,5.350392208787302,6.092439331328416,39.69303362467933,North,Annual,Bank Transfer,iOS,1
65,76144.82939218558,13,103.72579342652067,2,6.066514209108163,9.640468323629488,24.47989028667807,West,Annual,Wallet,iOS,0
65,36140.33035290135,75,111.9769321543333,1,7.965874162322205,8.440218528947746,16.730174057816015,South,Two Year,UPI,iOS,0
49,79767.01625550137,63,101.74351035848963,4,7.57215128664463,27.811857654801777,12.944722557396403,South,Monthly,Card,Android,0
26,47957.65916223462,27,80.16629447630889,2,8.955030495238624,13.699200457101657,7.6132234681067,West,Annual,Card,Android,0
26,52306.07982969426,71,53.105538695337316,3,5.632820907582189,15.71328447740501,14.526457875334135,North,Annual,Card,Android,0
32,71904.01844235668,67,80.79773676325118,0,5.541695948845236,6.697560754553447,28.83274157684777,East,Two Year,Wallet,Android,1
48,54181.556765937035,78,55.742910647420956,0,8.09065034687443,16.16329774683857,18.156714040822333,South,Monthly,UPI,iOS,0
25,84642.82795910502,87,99.5846593022915,2,5.84226626301804,24.065652045893767,13.376454266716856,North,Monthly,Wallet,iOS,0
41,47960.7786467053,84,109.20339491644305,4,6.174043343659484,19.77069933791074,14.366345943691833,South,Monthly,Bank Transfer,Web,1
24,51383.17584299001,18,129.30425893594622,2,4.043499773272027,17.244951640909623,27.84532719945939,South,Monthly,UPI,Android,1
46,50559.840341941606,74,96.15302921658589,0,7.694438202403099,7.045801321837814,21.26863232156535,North,Monthly,Card,Web,0
19,52555.947536189145,38,112.73726069785559,0,9.820193802087486,15.704335388844196,16.355160272109014,South,Monthly,Wallet,iOS,0
54,89182.21422205189,39,76.08565788309573,2,5.450208842289355,19.028403347481174,19.224504674008855,South,Monthly,Card,Android,1
20,78833.51845942668,62,70.65168585975415,4,8.936896139924194,11.057226000766867,41.852948129926844,South,Two Year,Bank Transfer,iOS,0
28,102618.76698826556,58,99.21015672450405,3,7.099022412317083,22.584238105845166,32.9766076678508,North,Monthly,UPI,Web,0
27,114888.17248578361,40,73.40581381849273,4,4.198795114702947,24.195479826515488,35.21762796702863,South,Monthly,Card,Android,1
61,42324.22529748853,95,93.07557366482973,0,5.678964345432182,14.299459039421333,6.231064489332569,South,Annual,UPI,iOS,0
20,66549.22080120035,17,53.164234319937364,2,5.574005534233588,23.08082535640193,20.640079499467532,South,Monthly,Card,Android,1
40,39123.593033844474,10,58.55116952571097,2,6.661902765260935,17.231822817611768,16.19689810764205,East,Annual,UPI,Android,0
48,47892.66958953813,3,104.06227903054871,5,7.913174290359398,26.029965871051694,26.894561762504615,West,Two Year,UPI,Android,0
44,51138.18477437527,78,111.60070226218289,3,10.0,32.23905462040656,31.5382619060698,North,Monthly,Card,Android,0
53,41742.59276895797,39,55.430314930999586,2,4.767052148638573,10.344341626467273,24.937835916280356,South,Monthly,UPI,iOS,1
59,41858.4799962349,42,105.11842931519263,1,6.375878425236021,23.386390824826663,14.14776961606487,West,Monthly,UPI,Android,1
38,61825.743672554396,62,69.01792980894176,3,5.676832550051791,27.134751963139095,16.05087995802488,East,Monthly,Wallet,iOS,0
61,38232.19479549905,42,85.4951552860093,3,5.0444349154681944,11.205237617537174,27.585137795195692,West,Annual,Bank Transfer,Web,1
34,83526.79310102793,55,127.5083324737194,0,7.362261067236261,13.974155322469379,28.48065855888484,East,Monthly,UPI,Web,1
69,44809.42217681469,6,109.22461702068846,3,7.202515985017641,13.895360312395574,23.268571351936636,East,Monthly,Wallet,Android,1
44,126810.51734212063,15,108.87615964066579,6,4.116536009959123,17.070531330247146,23.16811827450614,North,Monthly,,Android,1
56,55069.542078783306,89,142.263710753709,4,7.230855897507291,15.50544145645565,22.45110282191695,South,Monthly,Card,Android,0
63,66584.38812217515,43,63.883619768506065,1,5.150826812051063,16.612007883614424,24.421869019725072,East,Monthly,Card,Android,1
59,36502.49394174723,16,55.42375075022363,3,7.220107122529459,23.865918297947182,28.44364877654631,South,Annual,Bank Transfer,Android,0
62,102534.01867880806,36,63.33633189314228,4,9.358144038450353,4.729317946796906,27.671491365128766,West,Monthly,Card,iOS,0
45,89629.01497766416,32,77.36496839780155,3,7.987215533829096,11.182746048510369,22.21226890495075,West,Annual,Bank Transfer,iOS,0
20,71532.14915619447,27,20.0,0,7.501779060492053,22.689496533469068,21.558555244053974,North,Two Year,UPI,Android,0
43,35370.34392684956,28,78.77715289909568,2,6.301098212414242,21.86943304034612,21.21431521837219,South,Annual,Card,Android,0
27,69634.67130994165,70,68.66287804315265,1,7.3136750064361165,10.590204641766267,14.977024202202124,West,Monthly,UPI,Web,1
64,40328.51698762039,11,108.51279302193397,4,8.15753217782072,21.917913652125684,14.862746656014263,West,Monthly,UPI,Web,1
30,97171.81579641394,30,95.57258137030121,4,7.989082782774297,27.28806869773843,26.895606473227996,West,Annual,UPI,iOS,0
29,82802.2841007698,45,66.97910116691989,2,7.0313281015169755,17.65681439874143,15.584180022448926,East,Annual,Bank Transfer,iOS,0
30,67099.65884673019,52,102.69882536088711,4,7.569539750696157,10.944272845552796,29.325404811217215,West,Two Year,UPI,iOS,0
51,18000.0,84,106.69789179471309,2,4.961844905928464,24.124679794199732,21.53791560067936,South,Monthly,Card,Android,1
47,43364.848469501325,88,61.94362630625768,1,5.951627482877846,30.061318016796115,29.376357325916466,North,Monthly,Bank Transfer,Web,1
67,80130.74489519719,29,70.20927233852744,4,8.402851579328177,11.797017875923048,27.73262923199326,North,Monthly,Card,Android,1
39,91683.44121790942,52,20.0,1,8.631456017336154,18.274764517650237,29.5863693229487,South,Two Year,Bank Transfer,iOS,0
32,89401.7358528269,3,52.28020076892145,1,7.359117604426916,25.631089444209145,17.712708191483152,West,Annual,Card,Android,0
20,29975.713950687983,59,62.72591318729265,2,9.714241748420758,18.807511004742302,25.68009505431138,South,Two Year,UPI,iOS,1
18,71634.15074988389,15,87.22498529818066,1,8.063633007984324,5.768925668943403,28.64099190593528,East,Annual,UPI,iOS,1
37,87341.33476262445,7,56.63851961920554,2,6.8036832196327905,21.10392403150059,8.03805970540511,South,Two Year,Card,iOS,0
66,28516.617557190606,64,69.59644038852673,2,5.126420319831053,11.148339545739706,37.31524102793974,East,Annual,UPI,Android,0
45,64826.1006617888,17,48.240079552522026,1,9.645846525049155,9.104941807041904,42.39357741502667,North,Two Year,,iOS,0
64,71024.53276278604,46,90.13341695593812,0,8.509539677162781,5.905764063099435,30.525594650480315,South,Two Year,UPI,iOS,0
23,58383.17913337183,10,97.77143783754723,0,10.0,26.332851052159764,29.252926859169925,North,Two Year,UPI,iOS,0
22,,71,97.07096045259468,4,10.0,12.157020766878016,27.298827377135666,South,Two Year,Card,iOS,0
61,57834.64157837797,73,85.37083395715779,6,5.012201478469307,20.333353261735102,19.089099924819468,South,Annual,Card,iOS,1
23,57799.28053438947,55,38.76781010495817,5,5.016632634983785,22.05268101405582,21.008468098583336,East,Annual,Bank Transfer,iOS,1
20,61742.40709994941,80,66.40139008321447,2,2.332560148632586,19.1327329287064,30.67964405824476,South,Annual,UPI,Android,0
39,52603.62864064847,42,72.78079983044546,1,8.761215632950586,20.0759954598178,13.241045246202198,West,Annual,UPI,iOS,0
66,55253.73262868772,18,72.90114061238124,0,8.316020568728918,20.667336611796475,12.453547781837873,West,Annual,Card,Android,1
53,64126.46178836648,15,87.2494365396951,3,7.366224300213939,18.966683806517757,18.424037301317515,South,Annual,Card,iOS,0
23,74734.00130933365,21,127.76624117113056,2,5.115573507226219,12.678883399787832,27.906278574059577,North,Monthly,UPI,Android,0
61,58302.611217153324,20,109.36288638053799,2,7.048642728487889,12.054639864938874,14.2065745755322,North,Annual,Bank Transfer,Web,1
61,55987.72357590396,31,55.374466604539165,1,7.5139993415131,17.265129190768516,19.97125539774378,North,Two Year,UPI,Android,0
59,67031.78884159809,21,105.352086258899,2,8.530633633694588,17.116851663656885,21.039919563531914,North,Annual,UPI,iOS,0
64,22739.84963030601,57,104.20907102997208,4,7.664077754590987,21.005238126986022,12.893176852289887,West,Monthly,UPI,Android,0
30,75494.77279898207,15,60.81797581145305,1,8.328462201484983,25.71155047015612,3.0,West,Two Year,UPI,Web,0
68,64987.61186329491,60,110.46597767906317,2,6.988977521146118,20.407337523986435,12.76138714523076,North,Annual,Bank Transfer,Android,1
34,65873.25758514636,32,80.1887009216421,1,9.208519219672928,12.323813966179873,24.347978655850234,West,Monthly,Card,iOS,1
59,86136.1547670782,66,42.701395299566656,2,8.273941131653851,2.7319092968856857,26.37529121449726,West,Annual,Bank Transfer,Android,0
48,22038.058338938543,49,98.65608173911426,3,5.182213779808599,12.617439558844733,26.449266854752643,South,Annual,Card,iOS,1
58,21575.654863102798,86,91.50885470843573,5,9.56167462501561,8.58856746931432,27.486151553588243,West,Annual,Card,Android,0
50,71023.68459711743,42,78.16967112442516,1,9.283471588615733,12.887394583474407,16.362445895162985,West,Monthly,Card,iOS,0
51,64843.42918717265,29,83.87640745050102,5,7.991307052990001,19.695938922056477,14.434517875115315,West,Monthly,Card,Android,1
50,68743.89275022251,56,63.42743563334614,3,7.67722009847869,18.59073355487073,25.375522043657707,East,Two Year,Card,Android,0
58,54833.2043462062,63,103.30391511391329,1,10.0,31.00724331856747,20.094249367867533,South,Two Year,Card,Android,0
56,79615.78083327849,42,83.69648096473222,1,4.423368127337474,21.381570864575302,30.163707602914922,North,Monthly,Card,iOS,1
24,85518.05454580464,54,89.99346531844684,1,9.310081690901406,31.364170983202914,25.432362079037944,West,Two Year,Card,Android,0
60,75647.61046693359,45,95.71425773286617,3,6.3904486124236035,23.005975827929486,33.554385065495985,South,Monthly,Card,Web,1
45,59261.77391509917,30,50.36243156721025,1,9.061801658897656,25.599947203135244,17.81017326106964,South,Monthly,Card,Android,0
34,18630.833472483137,30,58.17150934353844,0,7.404638940187374,15.487684098653292,31.607808250970614,South,Annual,Bank Transfer,iOS,1
44,81923.19657681682,87,20.0,3,5.087025760205995,10.478435016694958,40.31208307424487,South,Monthly,UPI,Android,1
68,91878.03065678704,65,101.94226775471222,1,6.355916322939325,14.857280764393842,22.483683054468642,North,Monthly,Card,Android,1
62,79180.28506364756,10,48.63369928759701,1,8.93693942438214,17.916913285254008,26.493760092466914,West,Two Year,Card,Web,1
61,45647.86659791486,92,88.97709129686957,3,6.842646601756216,13.602887811964852,13.625245401713613,South,Annual,UPI,iOS,0
42,79823.47666069068,68,96.12964674818659,1,6.143474794979221,10.99200302870404,30.046508732941046,South,Monthly,Card,iOS,1
58,,5,103.0705851667756,1,6.132107501748465,20.917863846945316,32.16152352571871,South,Monthly,Card,iOS,1
38,99293.95745157989,70,48.879492584918225,0,8.291820617797445,10.962219836619234,17.549921343400502,East,Annual,Card,Android,0
53,45725.58166698493,57,83.04515145577926,1,10.0,7.265556363170287,27.27543613967354,West,Annual,UPI,Web,0
51,60017.99914002895,87,135.1084126236325,4,3.5604982699183214,10.145397202716829,24.524254649601446,West,Monthly,UPI,iOS,1
30,81439.98512515602,47,136.42944039952948,2,10.0,16.35951158215726,25.517067612482663,,Monthly,UPI,Web,0
31,66263.02157163947,50,114.61969282080852,1,7.546368589259424,11.063566245648339,29.30817766688746,South,Annual,Card,iOS,0
21,40418.79275487196,30,95.12479416456519,4,8.186381030008006,16.40337067677043,26.670095580995337,West,Annual,Card,Android,1
25,74121.55827058747,31,54.84680833463867,3,6.458355029849409,22.20311013695447,20.749109564444417,South,Two Year,Bank Transfer,iOS,0
40,77730.55594393366,59,106.55864876173159,2,7.194024287743394,22.021101328043457,29.499667198871236,East,Monthly,UPI,Web,0
42,66935.18371928204,79,80.25936313759478,2,7.527272120622883,13.374218636374824,32.006704805721526,East,Two Year,UPI,Android,0
26,69830.86839795877,85,101.81584825818533,5,5.41653681302704,8.872408890727353,17.012250093820022,South,Two Year,Wallet,Android,1
39,59308.47016291394,74,66.0146963544365,1,5.8303415549622,13.970635743955548,21.98380785658082,South,Monthly,UPI,iOS,1
49,97522.13658575331,58,79.81200661480213,1,9.21376481951513,22.58951366848485,6.081764753011891,East,Monthly,Card,Android,0
30,45184.771958321115,48,89.92442080229274,0,4.5610103628893235,24.224373603311978,27.25238242778092,South,Annual,Bank Transfer,Android,0
35,52078.943219196866,33,92.38834274481576,2,7.9497664756330195,20.47022944723347,33.008058186378435,East,Two Year,Card,iOS,0
37,65241.681297605566,73,99.81168143380745,5,6.570121254072387,26.41005235696794,19.684342952596648,South,Monthly,UPI,Web,0
44,84336.98860941964,31,67.62415046425302,5,5.5667978458915215,30.10441483733561,23.200925420512245,East,Monthly,UPI,iOS,1
37,32057.79025792019,26,44.70146643669392,2,10.0,14.617404503093304,20.01823838550454,West,Annual,Card,Web,0
56,36173.47150516034,83,133.74355119699385,3,5.577345645855556,28.40594277790543,18.544933985117225,North,Annual,Card,Android,1
35,20169.97282983621,57,159.67762507070074,1,5.278826600451399,16.176153354457796,24.08954158161936,North,Monthly,Card,Android,1
40,65719.29495557195,34,98.42262133607136,1,6.882146404015089,25.13894088082045,14.941817148749946,East,Monthly,UPI,Android,0
37,40397.27202145604,83,45.28023715809668,3,5.893450322026428,22.960007280709334,19.88250757200911,North,Monthly,Card,Android,1
27,56539.89757960583,92,61.80414649471369,1,7.210847116890733,4.16059106523163,13.859041647047077,North,Two Year,Card,iOS,0
53,79550.32017761757,31,100.27352707152907,3,7.464178804307364,11.236410055512469,27.30168927264709,East,Annual,Card,Android,0
30,50886.06014277737,50,125.23346835043859,3,7.598918711579375,9.450984585827493,24.15314308240932,North,Monthly,Bank Transfer,Android,1
33,70088.20450035403,46,48.613280963744316,3,6.989385559685942,5.525670778618785,18.118858743535682,East,Two Year,Bank Transfer,iOS,1
59,58414.56602946212,67,81.27001537453296,2,6.006325104743217,24.155204883769592,22.33370871060156,North,Annual,UPI,iOS,0
67,79786.51493212162,91,90.87796193331907,8,8.293785172554863,32.48140298584046,20.013472698012862,North,Two Year,UPI,iOS,0
52,75452.8174816562,53,110.93735353857625,1,7.0101222969429555,16.196292467106627,32.295056535153705,South,Monthly,UPI,iOS,0
65,49777.458684158584,76,74.69196716798862,3,6.357450569506536,23.979096657564654,18.03088916190914,West,Monthly,Card,Web,1
62,61289.66142519004,57,38.08555926034226,1,,28.39237722383521,27.715404688886956,East,Monthly,Card,iOS,0
43,87962.35474985087,85,103.63592678358707,2,6.993769667334534,19.45832190127932,15.653134432225361,South,Monthly,Card,Web,1
58,73654.29114559013,39,118.74387895513715,0,9.056377222544205,17.82280854559472,29.328145603419102,South,Two Year,Bank Transfer,Web,0
35,34266.83472947511,37,82.52225614764518,2,9.285625360085964,16.280184505805355,31.335750400032474,East,Annual,UPI,Web,1
41,79423.59734577042,41,97.15720273919294,1,9.389043820223847,21.762912175434817,31.760556633350877,East,Monthly,Card,Android,0
45,41138.56630640276,95,70.76526311718789,2,8.374968273788872,24.122858350228064,35.23915202024828,South,Annual,UPI,iOS,0
67,96075.28753914213,59,59.62681615822317,2,7.1989230553112,21.232634342274263,24.632005000711228,North,Annual,Card,Android,0
62,87530.17447650255,15,115.79277041641656,1,7.091129125893256,20.99224153071807,33.14152031496918,South,Annual,UPI,Android,0
43,71377.48047020481,4,96.62487543443383,1,6.784995798578409,17.641579691544315,36.61761957088382,East,Monthly,UPI,iOS,1
51,68459.12255559626,50,99.71105798205647,2,3.5162773609776865,6.849318324490564,11.901528725039466,West,Two Year,Bank Transfer,Android,1
28,60401.29036739676,77,130.06345443983838,1,8.421971569771365,24.284014721296177,16.57085672413118,East,Annual,Bank Transfer,iOS,0
59,79927.52693080061,46,53.354729970442804,6,7.615591462854635,9.007624162696064,8.53869361434591,East,Two Year,Bank Transfer,Web,1
46,56842.88027183464,54,68.43921195521733,1,8.603391252554667,22.33569949460075,31.550297122522938,South,Annual,Card,Android,0
45,70182.53715407767,76,89.73800046504087,2,7.001097362497662,23.29015654995068,8.423209593504914,East,Annual,UPI,Web,0
57,84182.55606342792,50,68.07060286716275,1,8.330202775320993,10.016975268564915,5.981418935673727,East,Monthly,Bank Transfer,iOS,1
50,52640.25604243703,87,108.49409605817351,4,4.858237993135544,13.745394465763919,12.123465871943552,North,Annual,Card,Web,0
21,51443.75972020472,61,79.37802337288048,2,5.212248464255331,32.85032185972821,6.3551919052801225,West,Monthly,Bank Transfer,Android,1
32,38723.959424061904,70,55.22401577508431,3,2.990440280473652,17.44362433491433,24.449422268428886,South,Two Year,Wallet,Web,1
27,41581.599585224205,75,86.97315025562985,2,6.971606367086236,9.458504271958368,12.239116191526286,East,Monthly,UPI,Android,1
56,24775.30314828695,60,90.11016312420364,1,5.88670650077638,23.606154677991285,6.787453791965925,East,Monthly,Card,Web,0
19,81056.23335834165,5,113.04046188688991,2,5.664250812210287,12.591273560987734,21.623140119053456,West,Annual,Card,Android,0
28,104796.11992582097,41,96.79422709442272,3,7.768909042541024,4.556331842821331,22.15400825602342,North,Annual,UPI,Android,1
49,96357.23675634673,14,98.83439174079507,5,6.476637769864031,21.638386836325267,5.1719521226251075,West,Annual,Bank Transfer,Android,0
54,29226.141250216635,49,94.60875052021674,3,4.763745288433774,11.583675289518101,15.576689438765285,North,Annual,Card,iOS,1
44,80946.80277423639,14,79.35332436124209,3,10.0,20.248318395557067,21.328251232243012,North,Annual,Card,Web,0
62,96286.33969831825,49,63.51342654666206,0,7.137081945170271,12.31116973328345,18.788590538771015,West,Two Year,Card,iOS,1
65,54950.18042374939,33,93.66515054978129,2,5.358622810009317,22.950429359887792,19.03465095652536,South,Monthly,UPI,iOS,1
24,,2,75.00625702349078,2,6.061279716413816,19.28448827224155,32.613582808625004,East,Annual,Bank Transfer,Android,1
67,20826.35288229725,12,135.69467861323045,2,6.905656952684353,1.0,41.31890313091216,South,Two Year,UPI,Web,0
49,70868.19569548611,48,125.26546884319656,1,6.902081864162759,20.674087784932116,19.18031362616378,West,Monthly,UPI,Android,0
51,41601.685952436215,8,103.98517397054825,3,9.41367926417799,15.971880700987269,10.103066206782213,West,Monthly,UPI,Web,1
22,69391.97039405332,82,96.35400817878957,1,7.064969072025247,27.917023495335634,19.888752112475665,South,Monthly,UPI,iOS,0
50,30653.535711844634,73,82.36122847056468,1,10.0,20.76645494311096,23.7486379307757,West,Annual,UPI,Android,0
55,76942.8809385071,68,47.166288059585945,2,6.464880995179421,23.293104906271108,21.520493097071412,North,Annual,,Android,0
48,87539.27885938718,17,78.51483330034104,2,7.924941268441817,13.026214392853525,27.496220064019546,East,Monthly,Card,iOS,1
22,47770.04304226631,76,88.0420010021577,2,8.937366330357312,12.469525744274257,41.90718325176593,West,Monthly,Bank Transfer,Web,0
45,39987.703208970444,61,91.88369423333987,1,9.231758918009852,17.820454682576045,6.581912286277118,East,Monthly,UPI,iOS,0
66,18000.0,38,99.08609101047477,2,9.430182769628983,15.475687112443055,17.436282996695763,East,Monthly,Card,Web,0
55,59138.9022503461,1,112.63990593633055,0,6.737580040503771,27.366063365470573,35.87028859625356,West,Monthly,UPI,Web,1
25,52204.93344580469,51,64.23537784921399,0,7.1906682575326375,16.926766588936708,17.301589957607487,East,Annual,UPI,Android,0
67,30877.572928342794,76,64.50773178372967,2,2.984981636841752,9.426247750113902,29.105441550169807,West,Two Year,Card,iOS,1
67,74966.41263886777,4,128.52570039229477,1,6.866782934379047,12.206933604179376,27.67810627612893,North,Annual,UPI,iOS,1
26,55100.65159897772,5,108.12944767579447,1,9.05513210248097,24.755357592298033,33.131918711324225,South,Two Year,Card,Android,0
59,41333.80890980489,37,73.27687173600036,3,8.724622015755001,16.82919859015951,39.22005769743576,West,Two Year,Bank Transfer,iOS,1
39,52799.40707591017,49,81.7836649314329,2,7.052971894282861,16.455017624351672,24.99765436390471,South,Annual,UPI,Android,1
48,88568.69985645154,46,81.91858159975304,2,10.0,25.421312984524572,6.287531931220862,South,Annual,,iOS,0
41,78264.61276261488,41,85.9472236684415,2,6.547191016613828,11.596657677941208,15.696335413622926,West,Annual,Bank Transfer,iOS,1
58,62139.42664703322,25,99.1804927671584,2,5.982562299166171,2.3537659110086864,41.67447579934253,East,Annual,Bank Transfer,Web,0
69,78620.31040622675,6,161.04978238299492,0,,12.029933475503505,9.272219715535236,North,Monthly,Card,iOS,1
59,39459.936959491744,3,90.69269683487957,5,5.291809457778604,19.694623619824387,26.471259122715157,North,Monthly,Card,iOS,1
66,65712.14221599467,10,104.87794451275752,1,8.258071553896013,16.253419357633373,3.0,South,Annual,Bank Transfer,Android,0
67,68241.09127070235,66,34.40569881429572,3,7.690419079734635,7.076992659408971,9.838955362994417,South,Two Year,Bank Transfer,Web,0
22,54663.59681302801,75,70.45300021663495,3,8.236965058834187,25.112416719460857,29.982435532599215,North,Annual,Bank Transfer,Android,0
31,74580.08339106319,42,121.86445008149815,1,6.495569041716941,19.14447862259114,22.323648282967802,West,Monthly,Wallet,iOS,1
55,47830.46399782207,8,97.06946174069847,1,7.101275935123269,20.723102862994445,18.61202357150549,South,Annual,UPI,Web,0
48,76216.0555710746,40,20.0,3,3.496688170204857,20.93727181848359,14.670795780805786,West,Annual,UPI,iOS,1
20,77140.89297368842,94,105.22069606948591,2,7.8395834372287805,8.910330279050735,4.031117143284167,West,Annual,Bank Transfer,Android,0
22,18000.0,24,142.54493183886308,3,7.368030473601404,20.120152415006437,28.24065297603974,South,Monthly,Card,Android,1
45,91186.72547722259,47,25.1227724164062,0,5.32910297546111,24.352176482414045,19.451673673081856,West,Monthly,Bank Transfer,iOS,0
50,18000.0,52,130.58163026936538,2,7.022082195452785,25.98217161259458,8.303213429377115,North,Monthly,Bank Transfer,Android,1
26,51446.921437765246,32,20.0,1,6.7616561864807165,23.048843275090668,22.271702255592555,East,Two Year,UPI,Android,0
26,87557.65675367061,42,113.13996835160239,0,10.0,21.591907610144176,27.23123213869115,West,Monthly,Card,Android,0
24,58019.6920444463,45,84.74054121963279,3,5.3960841541827325,5.838051146607102,20.193936788871643,West,Two Year,UPI,Android,0
47,32743.908385670074,46,20.0,1,7.763424504073394,17.895457430557705,23.043934149811793,North,Monthly,Wallet,iOS,0
18,40937.78464223325,69,98.3841348171936,0,5.345693800446787,11.303979553944876,22.343141339386975,South,Two Year,Card,iOS,0
47,87591.92641905363,56,119.52519247456175,1,6.251615145080541,26.975175173624507,15.638846722346415,South,Monthly,Card,iOS,1
42,22726.900327929958,6,95.9166101146472,1,7.670592221276792,25.91265644663935,22.48833651969849,West,Annual,UPI,iOS,0
42,89837.80422116438,1,102.54482911178839,3,6.84068291553271,11.346298324958646,28.616952381915482,North,Annual,Bank Transfer,Android,0
53,63787.75382106964,40,72.64971662982815,3,7.1898155444369545,17.67815271405789,31.311793059930245,South,Annual,UPI,Web,0
45,38767.30273026646,87,29.158307343369344,3,7.765627583994348,19.73956610454975,29.116564047304088,South,Annual,UPI,iOS,0
55,52171.4684093408,4,105.75592067011192,1,6.360727728962452,24.305538802423236,15.924117718876783,South,Monthly,Card,Web,1
57,42621.06449576389,7,137.49261758338886,1,8.703049109186248,6.270672250927827,27.725912964128053,South,Monthly,UPI,iOS,1
65,84056.95441888763,65,118.88742562682377,1,6.680684436496072,2.5326438031365743,26.189197846028907,South,Monthly,Bank Transfer,Android,1
59,81113.41181478245,43,25.363725111959617,3,7.034155715360629,18.26703957588575,15.612620867993243,East,Annual,Card,iOS,0
44,27178.455054726976,22,39.55316778367199,3,7.814229166799355,1.0,17.82118536214507,South,Annual,Card,Android,1
43,56120.97339257465,20,59.620967746079785,7,7.58590034198022,19.11000686868445,28.11723792382786,South,Monthly,Card,Web,1
30,46009.915428425906,64,37.2107364615957,2,8.29518747172285,22.145454415079193,34.39217337525798,South,Annual,Card,iOS,0
49,93457.21930610614,50,86.32569758668117,4,7.738839482523999,26.65255935829441,5.694952918175513,South,Monthly,UPI,Android,0
25,35297.81940121874,61,96.80247415541568,1,7.997352124645497,13.642022241208052,36.76055114532365,,Monthly,Bank Transfer,Android,0
66,100293.0403030703,27,42.092401502728976,3,6.646866725919259,19.128271522946093,32.47743708317354,South,Monthly,UPI,iOS,1
61,64267.515730627376,51,108.31385377826584,2,5.383089133254615,22.56056887762227,23.792066501494297,South,Annual,UPI,Android,1
24,39437.44305963807,82,103.03311832060042,0,4.773013865320138,9.769959941099497,19.833550389778015,North,Monthly,UPI,Android,0
58,50099.96795179589,31,68.5552262546889,2,4.359792749008091,24.40743458426119,25.51390104297229,North,Two Year,Bank Transfer,Web,1
24,47364.38550309409,38,79.82434042048048,1,10.0,19.92039627659355,16.23491175406927,West,Annual,Card,Android,0
55,36958.39515565887,16,26.505964730409055,0,3.4382852014799865,13.76187568505933,20.40074482047997,West,Annual,Card,Android,1
22,67086.19091406827,61,75.03213531138778,2,9.229329948261075,18.989664005579172,8.724757437049186,North,Monthly,UPI,Android,0
43,37985.85788477944,4,85.22154922390978,2,5.804522680794296,17.024658603741823,6.326293386384755,South,Annual,Wallet,iOS,1
52,18000.0,24,90.06242785684569,2,9.216949652603668,23.460517651735053,42.990759712352954,South,Two Year,UPI,iOS,1
55,56647.11764134019,68,96.36630736060522,2,3.4556819525437357,15.47677936897147,22.56767696567459,East,Annual,UPI,iOS,1
39,25337.16367880658,2,92.32725229691717,4,6.8003403667984195,19.589633453652016,23.833201189021302,North,Monthly,Card,Web,1
65,48452.46090251455,94,77.06968908202988,3,9.671841485142956,13.653478672926811,21.723404862002134,West,Monthly,Card,Android,0
58,44999.73645072617,39,93.5858482766295,3,8.41245625790849,11.435100129157872,14.55003382467198,North,Monthly,Wallet,Android,1
28,45833.24641543209,38,115.06095979930744,0,6.626648716825654,19.20072954336894,19.236441012130598,West,Monthly,UPI,Android,1
52,109021.18823498339,51,82.13505780071067,5,3.896938587401581,11.722626330870014,22.820698245715157,North,Annual,Bank Transfer,Android,1
55,66241.05447773056,61,94.52784672495031,1,4.951769512343416,23.604062040141763,20.230255502032314,South,Monthly,Bank Transfer,Android,1
35,70398.16219789731,44,79.41486812007645,2,9.561550064150945,22.145627725239866,15.230175450749687,South,Two Year,UPI,Android,0
56,25919.23748046952,85,65.59723250561287,2,6.607989957868667,12.64419880559279,26.315399139016403,South,Monthly,Card,Web,1
64,50612.81105998772,92,100.68639000752813,0,7.077899024197153,19.496463023112277,23.69528222681329,West,Annual,Card,Android,1
60,69736.65785871327,20,68.34322167489384,2,7.682009677994473,12.612100697661884,25.536169945693242,South,Two Year,Card,Web,0
57,42460.363915913855,68,96.58440702976571,2,4.985173847751154,6.769810359388268,28.345403308178522,North,Monthly,,Web,0
50,84977.38255739567,29,85.84766114530136,3,7.892393305728304,13.819423827870743,20.46528478931559,West,Monthly,Bank Transfer,iOS,1
32,38540.67511017734,95,75.8819597043957,2,6.4866536828626895,17.64778219509103,20.4800085374667,North,Annual,UPI,Web,1
59,58699.945010966134,25,75.15571503560018,1,7.69929473547842,21.649861074394735,35.3420730602685,North,Monthly,Bank Transfer,iOS,0
36,52106.86392053771,29,69.7563702275294,0,6.217313435087043,19.046359513292373,13.503863119817922,North,Annual,Card,Android,0
45,68615.05450640216,68,35.62596483732959,6,4.525702697896033,24.3537223051976,5.137314265980699,South,Two Year,Card,iOS,1
34,50909.21841918063,75,96.48685285485077,1,6.473466695919571,11.131836800083981,26.999848318517323,West,Annual,Card,Android,0
34,59040.34020443938,13,91.94640475834962,2,8.289321949083604,15.363111284614881,16.335849146131572,North,Two Year,Bank Transfer,iOS,1
26,59805.13798088432,53,110.49010757345481,2,7.869902151430961,29.510566912364276,12.303841384358963,East,Monthly,Card,Web,0
67,48843.469337391376,33,69.05629293079616,1,7.252582474469036,4.482439629344228,29.96714215383178,South,Monthly,Card,iOS,0
25,75672.06510693648,59,141.86150876430003,3,8.726824150117583,14.836319858518038,20.697084546167577,North,Monthly,,Android,1
22,70244.54424642335,53,73.607921564511,0,6.853890178674815,10.49954236566146,10.627923481313417,East,Annual,UPI,iOS,0
66,63050.49320443032,94,58.74671073415912,1,7.29566973382587,16.632211170221446,39.41451507108599,East,Monthly,UPI,Web,0
46,55529.91666383692,89,55.18945240472006,2,6.384396304520667,14.958867587947184,7.503823620423406,East,Monthly,Card,Android,0
40,82523.96867143994,63,32.98232790311013,3,8.826250560480874,22.21508806663058,21.219894468975102,North,Two Year,Bank Transfer,Android,0
56,59811.64663608801,65,130.97883677179385,2,7.695598531127,19.788644615866534,4.996509026375293,North,Monthly,Wallet,Android,0
37,58252.65966782938,86,126.13202172305986,3,6.253171212705268,8.860676996628039,24.435924104670043,East,Monthly,Card,Web,0
24,67303.18065753877,18,103.02235488654274,1,4.668649430902732,13.88286548774639,16.230021698106206,East,Monthly,Wallet,iOS,1
55,102324.90702535871,69,58.117335766726605,2,9.078434167327156,17.999180656120195,29.373473337964327,South,Monthly,Bank Transfer,Android,0
27,35512.163423533515,74,139.3380304467736,2,5.9350894129861125,23.175666188273098,21.84352252323962,North,Monthly,Bank Transfer,iOS,1
46,81936.8516472178,13,74.44842515435032,5,7.32250939923223,35.03069399275949,34.15547001106147,West,Monthly,Card,iOS,1
67,23350.234452761688,84,76.92922506320043,6,10.0,22.91957052268792,18.13257474336468,North,Monthly,Bank Transfer,Android,1
66,69780.00948102973,67,128.1177724130823,3,8.562566220946625,10.912500556153601,7.559100794686742,,Annual,UPI,Web,0
36,99651.82220739208,33,104.76731753442617,4,9.938954301005886,17.343083212205624,24.137644477241793,East,Monthly,Card,iOS,0
58,75750.70753828075,47,151.0330941626378,0,6.285187818680048,19.266833365236664,19.726982675867237,North,Annual,Bank Transfer,Android,1
49,,47,92.46166780957059,0,9.020659874594353,14.364263907595351,5.626661067602903,South,Annual,Card,Web,0
42,52670.11168633234,88,73.08907601263826,3,7.245337288018215,21.291804641541805,12.501577515228607,South,Annual,Bank Transfer,Android,0
25,65683.0384107482,93,66.64585349620613,0,7.82222876530659,2.1003603811965927,15.365807990711597,East,Two Year,UPI,Android,0
37,59454.61806112616,77,29.59011468428119,5,10.0,21.872047349295997,35.9984505136066,West,Monthly,UPI,Android,0
51,47708.514625510186,62,76.64212681581387,0,6.726302098945499,14.665288042986692,28.36701219612981,East,Monthly,Card,Android,1
69,58622.73645955286,10,119.33780016482142,4,7.232732571250112,17.232063378131325,18.87038353486539,North,Monthly,Bank Transfer,iOS,1
18,69364.38553378166,87,102.96502517968207,0,5.664535092436464,28.2600605731855,26.23782756885015,South,Monthly,Card,Android,1
55,48121.22449232591,13,85.60924019681218,4,8.71039654504373,9.169379770737546,3.644861081259588,East,Two Year,Bank Transfer,Android,0
62,47261.79994493695,16,55.151966685510125,2,6.2469342729127195,19.90903495022681,16.91584499966799,South,Annual,UPI,Web,1
67,35074.644372972165,7,91.80619054038212,3,8.938607706892094,23.55745105304513,25.608958411075264,West,Monthly,Card,Android,1
40,73595.95057395572,91,115.38441115586119,2,4.395147489033754,19.192355208004106,23.488386757559212,North,Monthly,UPI,Android,1
24,76997.11176327533,47,97.92157769409954,3,8.132684722117132,6.7006538613587665,17.145794686867525,North,Two Year,Wallet,Android,0
32,70096.52977320338,23,90.00205508900078,2,6.105721379692805,27.45277639110929,21.655226810821,North,Annual,Wallet,Web,0
62,86233.75084003064,8,61.09127040156382,1,8.441879986861359,16.52052164715551,25.042976542408162,West,Monthly,Card,Android,1
63,66933.08801577601,40,111.01545442336038,2,7.176949406147812,14.307214049453801,21.915790058483612,East,Two Year,Card,Android,1
51,73624.24062204665,69,20.0,2,6.289923844723905,15.826619824649562,29.749035612311253,South,Annual,Card,Web,0
24,71684.42336402638,95,96.48537126595436,5,6.542848651310809,15.324975262960916,24.868318988988783,South,Monthly,Bank Transfer,Android,0
24,62986.11957279943,53,162.10965942833798,3,5.7543398899003115,9.668742290751567,26.601164233867113,West,Monthly,Card,Web,1
42,53321.91978114776,58,39.74879838004459,2,8.62423918404546,19.15465410254123,37.42199309407075,West,Annual,Card,iOS,0
48,113711.35754742204,80,77.75891635895903,1,5.417316505976795,13.819368944601994,29.44755699668559,South,Monthly,Card,Web,0
19,55057.07844322281,86,84.76267029625821,3,6.745966314154244,22.696217905048805,37.66862601742875,West,Two Year,Wallet,Android,0
53,50350.6903553504,27,71.12251557830268,1,7.786907285494205,21.623168455306264,15.95277070401838,West,Annual,Card,Web,0
46,74548.21611590235,95,116.09122727676939,1,9.942940693262482,29.37968588234667,7.668275144390062,South,Annual,Bank Transfer,Android,0
18,70540.79713649012,50,99.17353043065903,1,7.184192378483917,16.518567996391237,20.73747288360184,South,Annual,Card,Android,0
22,34094.5859525728,89,89.56901117641958,1,6.787732002884651,12.377251742686285,19.969632744903564,East,Two Year,UPI,iOS,1
41,89698.92160040225,12,108.91817683507841,2,7.665179270697248,7.711803653930996,35.1347273715042,South,Monthly,UPI,Android,1
55,62927.71934228166,10,85.50252127215226,1,3.6751108333534703,33.35340370252369,11.82960010608845,West,Monthly,Wallet,Android,1
60,40559.51590525415,85,180.3959346647054,3,5.162302308825778,22.634755975612933,21.290089355860523,East,Annual,Bank Transfer,iOS,0
40,91153.25051578523,64,89.54040800970223,3,6.561876951906633,13.153060551741461,25.64661429438598,North,Monthly,Card,Android,1
33,78764.86257511539,17,90.85846295469113,0,5.987952443754491,29.85208562486995,22.900922535859227,South,Annual,UPI,Android,0
68,37180.07617714589,86,33.68595851280174,2,4.4785834082862,27.493136687202224,20.456233174851736,East,Annual,Card,iOS,0
41,104098.02248566994,10,68.69649018089729,2,8.658223706984895,8.541057482814038,25.227116078857108,North,Monthly,Card,Android,1
34,,65,119.42133045399429,0,7.641586440247448,12.725675874412197,31.711878678207785,South,Monthly,Wallet,iOS,1
41,64775.68545624898,20,44.936294489203824,4,7.438450920380264,17.07372608387741,35.82170924100396,North,Annual,UPI,iOS,0
18,99984.81372367914,7,20.27328477094136,2,6.020215043037565,10.509404327986266,22.29526486710476,West,Monthly,Bank Transfer,Android,1
33,68504.5512442521,77,85.96946413562725,3,7.334968039928231,17.323943759624022,14.65738821764892,North,Monthly,Card,Android,1
44,64382.1723477113,81,126.12233522424934,1,8.0745640810498,22.983733625078514,35.81080684684028,North,Monthly,Bank Transfer,Android,1
65,50473.39744751624,11,86.27143686088377,2,6.749676708364423,8.387173991743946,12.301298979380588,West,Monthly,Bank Transfer,Android,1
56,77800.70966475573,9,74.9162619212097,4,7.95577280670862,20.05100383581756,38.115209588036194,North,Annual,UPI,Android,0
58,75485.26528112756,59,29.245361867770598,3,5.846697180897305,26.179485828028938,34.09721828426857,East,Two Year,Card,iOS,0
46,65322.96307757365,3,98.5676236810658,2,7.365725032082513,20.801541674893656,35.40458912285983,South,Annual,Bank Transfer,Android,0
23,47620.300214912735,71,104.83825326649135,4,9.14224708097437,17.47068551653936,28.16851770375777,West,Annual,Bank Transfer,iOS,0
38,67858.45679165362,87,31.54802502696699,1,9.294433496079266,13.323287682966207,3.0,North,Monthly,Card,Android,0
69,63464.42671323297,72,119.03597346091657,0,9.456900968414427,23.81589310469546,12.6479125203201,North,Two Year,Wallet,Android,0
20,35663.56498784758,22,107.97086577676328,0,7.685466306235959,9.761559215663752,24.761993986237528,North,Two Year,Bank Transfer,Android,0
63,32620.128270867917,19,118.96947827642036,2,7.253743723258168,19.699542677665857,15.919177013041601,West,Two Year,Card,Android,0
53,77433.37433381492,65,102.50575275500026,2,6.437058842528996,18.17861013137321,19.162481094959016,West,Monthly,Card,iOS,0
32,18000.0,6,104.61048126433955,2,4.127275913920393,25.879277183467963,27.515273627433327,South,Monthly,Card,iOS,1
58,69519.03159314772,52,100.62162696105217,1,4.913670516119163,13.920758672517769,20.470231434742267,North,Monthly,UPI,Web,1
61,54482.17272941586,43,111.05416964503587,5,6.914306547659059,14.515849316748179,11.02881456108094,North,Monthly,,Android,1
20,93781.42535135802,71,30.437266926282447,3,7.015909636481669,9.306945905580037,29.970928418247084,North,Monthly,Bank Transfer,Android,0
23,54143.699398614735,20,39.96821699135456,1,9.600779148971036,21.060989922202864,26.63412497638354,North,Two Year,Card,Web,0
52,79508.65271354171,73,62.91976299430685,1,9.435158519938565,15.033289098774258,19.759036513183926,West,Monthly,UPI,iOS,0
69,56267.895492768585,67,81.1053948498234,1,6.032973559472806,11.96548215911104,28.40139565694206,North,Monthly,UPI,Android,0
19,67502.45937669516,23,96.64410769924538,4,8.591153715651332,12.632286133259026,22.855423567878294,West,Two Year,UPI,Android,0
52,81210.40368024113,34,94.7404495968655,0,6.388982930224352,21.75973847524036,33.98225073173721,North,Two Year,Bank Transfer,iOS,0
25,54823.77424085924,7,118.51317434368093,6,8.360447783106462,10.279276501938554,23.360870970017583,West,Monthly,UPI,Android,1
51,86924.20745896488,43,119.45485895741052,1,8.570230137781467,10.900838245142218,33.91534899922612,South,Monthly,Card,iOS,0
50,43138.646703657374,25,58.82844675118621,0,9.311557780651153,24.274529978621683,5.1371249676230875,North,Annual,Card,Android,0
22,71481.04253628434,11,92.15728330151414,3,6.362506296869415,16.837155969193695,26.13297120890646,West,Two Year,Bank Transfer,Web,1
53,85298.07390133277,54,59.56505356834485,2,8.924316268207571,24.68811560189015,18.419243829872446,,Annual,Card,iOS,0
64,79520.82481938737,54,79.352588849393,2,4.016216138593838,15.484509292835842,14.268541104908465,West,Monthly,UPI,iOS,1
62,107161.78728817902,9,94.65374107145485,2,9.403566658616064,17.992118704223575,32.42650521464613,West,Annual,Wallet,Android,0
19,48204.33501916547,18,20.0,1,7.157471571208522,19.09409490355352,30.00178688688688,West,Annual,Bank Transfer,iOS,0
30,34658.71647033107,8,157.33732118919053,2,7.193662403424314,27.711003870027767,3.9417097981677536,West,Monthly,UPI,Web,1
30,43124.62761310737,65,101.99226032192425,1,3.7363579403262306,27.14110978347189,28.43946071784819,North,Monthly,Card,Android,1
41,79529.73646406562,33,67.12890173759783,6,6.539267991679453,26.072659267346346,27.347332417653412,South,Two Year,UPI,iOS,1
25,75954.30455392633,7,142.82109265690684,4,,13.598267910452257,15.49235644008107,East,Annual,UPI,Android,0
62,67249.64651224314,19,74.57706488541417,1,6.474606784105216,11.092193014317477,14.482264477331512,South,Monthly,UPI,iOS,0
58,40294.94491964314,93,88.97558157484173,1,8.412886693657855,23.325540241426346,7.684822978614331,East,Annual,Card,Web,1
60,81871.08045323934,25,70.38652568807119,2,,27.63731791610572,18.96221292486732,North,Annual,Card,iOS,0
28,38056.49489168811,66,134.5597551233002,3,9.006537537319488,26.139731124831158,20.402612155240906,East,Monthly,UPI,iOS,1
18,90496.8908122918,45,81.85045881082358,2,7.525551640847012,18.09134480133394,29.172971023226612,South,Monthly,Wallet,Android,1
65,,18,89.48452302218527,1,5.615920397133227,23.094659814119048,24.42442328050502,North,Monthly,Bank Transfer,Web,1
33,73061.92522457411,30,121.11346459076339,1,7.295966155743204,23.217713571595905,12.46082696226101,West,Two Year,Card,iOS,1
52,77828.37898447034,2,102.5541837238323,5,9.922068736292061,19.042599539655832,24.149868924503604,West,Monthly,Card,Android,0
65,54157.085084297694,71,83.36955804597784,3,8.045996632661543,19.346615373158997,19.71359122536478,South,Two Year,UPI,Web,1
19,25175.30693609004,32,118.31172917072388,1,7.00204127760077,18.68736735761963,13.586564077019991,North,Annual,UPI,Android,1
18,51740.17401333511,48,161.15449688283854,3,10.0,12.483324267047685,7.694434806048603,East,Two Year,Card,Android,1
18,40956.304695827515,15,94.52231346398264,5,9.170666694354075,13.197632937108331,27.623230015229566,North,Two Year,Wallet,Web,0
26,33165.899318869655,79,88.502802636177,4,8.588447656177383,13.08956746943253,26.017574345315207,East,Two Year,Wallet,Android,0
20,102891.91872390428,21,90.11881250857245,1,7.739482190915437,6.805342562522473,27.010921254528164,West,Two Year,Wallet,Android,1
60,71002.97539656701,54,124.31288502494553,1,8.441465519076884,19.00001949143887,15.445800098574129,South,Monthly,UPI,Android,0
49,73353.12677350764,83,67.02406794901233,0,8.49664452441083,17.715986390137086,23.53971875891588,South,Monthly,Bank Transfer,Web,1
68,58201.50796568251,68,76.65047320865017,5,3.489213912561366,23.333748949785917,9.621722676394768,North,Monthly,Bank Transfer,Android,1
59,61196.8361862444,58,38.876711526200765,4,7.8713915618100625,26.825020980853786,13.120754693333076,South,Annual,UPI,Android,0
68,86220.11500926534,85,49.48396412080079,2,6.926630039129381,27.270060553925703,22.303589797735015,East,Monthly,Card,Android,1
30,,17,69.46599991906089,0,6.350380335667822,27.92925820816826,24.361177272899607,North,Monthly,Card,Android,1
32,76675.26663654413,92,83.32189017818732,1,6.867756623924796,12.700432808976945,7.340638936545741,West,Monthly,Card,Android,1
62,60687.90544740965,53,138.07249977310357,3,4.555057232402258,7.976285054089855,12.482097571276256,,Annual,Bank Transfer,Web,1
30,57472.63640389496,39,101.07978414775673,1,4.132162829936796,24.51520504645803,18.711464475250875,North,Monthly,UPI,iOS,1
20,34047.88835675904,25,57.63764469430619,2,9.319054109662446,27.674934067406305,30.626668596192637,East,Monthly,Wallet,Web,0
52,21489.52062792318,71,63.16058543907654,5,7.985668293505174,28.89194713047298,14.682075224204024,South,Annual,UPI,iOS,0
59,59245.638176539156,93,126.24246049691963,4,3.0978793837391256,21.39497346784663,23.2651775451557,South,Annual,Card,Android,0
68,66242.92722385112,66,118.79831045887576,2,6.220146279617041,4.0230723667746116,24.208533765706726,,Two Year,UPI,Android,1
66,36705.1391924066,4,85.8444973067261,3,8.696937946774103,20.559266244035147,19.75277356848874,North,Annual,Card,iOS,0
24,64241.55296923807,45,71.72420603383503,4,6.723975564674927,21.88808607536587,24.412180343434912,North,Annual,Wallet,Android,1
58,66182.55638579105,70,118.74798507113928,2,9.316508421457215,26.764525148810126,9.895748758926278,North,Monthly,Card,iOS,0
61,18000.0,38,55.2001861982594,1,8.984578058770278,28.007400857882637,16.09791521294245,North,Monthly,Card,Android,0
54,44867.257491450975,74,96.7609119417257,2,4.8935909441717875,24.367433823697343,34.909238717220056,East,Annual,UPI,iOS,0
60,73959.80566218031,68,153.17976972679992,3,6.956349031956986,13.889047711929013,35.54288411797848,West,Monthly,Bank Transfer,Android,0
61,73515.29204670637,7,91.16067046754372,1,6.4382479778252035,10.796178798131393,29.58628670749213,,Two Year,UPI,iOS,0
41,39619.15183920527,54,61.73171562215187,3,4.838294899601429,21.737728062714147,31.90352970958283,West,Two Year,Card,Web,0
20,68485.85711099417,17,97.31106108014613,1,4.727733647746039,12.453094227021044,5.566802295642134,East,Monthly,Bank Transfer,Android,1
41,87492.95895793039,47,70.89973842953957,2,5.829763371389063,28.325959747896594,13.461737032357867,South,Annual,Card,Android,1
28,82095.60509779977,37,43.17652468739757,4,6.110426803828515,6.0680874385365495,19.20008587289699,West,Monthly,UPI,Android,0
23,62903.71268569344,77,106.0310808061632,1,7.681490621313717,21.968206286762673,43.74077733772636,North,Monthly,UPI,Android,0
24,54704.52110686556,83,118.53503201649167,5,8.975162904464515,20.236744823197423,19.182244229442002,North,Monthly,Card,iOS,0
54,51154.421344640905,44,75.67279983782282,0,8.07319642488103,16.55263332728186,28.704138696608563,West,Annual,UPI,Web,0
44,75292.03522401245,52,73.6829297771118,4,8.4756328084774,11.52418607986681,25.40534825429362,East,Two Year,Card,Web,0
46,69292.28740914354,60,56.15303826634511,2,6.746749703500376,3.5675658828985615,25.20511114658088,West,Monthly,Card,iOS,0
56,78846.88813424841,63,80.501931985973,2,8.225100334241914,14.279999197491215,21.788224388165105,North,Annual,UPI,iOS,0
46,67901.22388866535,61,68.12894851230428,2,6.947762531296556,14.402817731362095,11.199704527964897,West,Monthly,Card,Android,0
50,83012.80690764372,75,54.669019398902336,0,6.449496948470269,25.782156611939193,3.0,North,Monthly,Card,Web,1
22,67081.0357250694,94,141.7650649119882,1,10.0,12.52001053203912,33.53658233832154,South,Annual,UPI,iOS,0
62,82263.1517548971,79,98.99478450248522,3,3.238190873869253,21.169394294946542,16.45151992368215,West,Annual,Bank Transfer,Android,0
41,84158.10094806606,13,102.17185324088057,0,4.015382694577487,8.954321375907433,5.195981245260484,South,Annual,Bank Transfer,Web,1
26,47300.4141350541,46,111.5019870679728,2,7.850589582027128,21.361737358585117,25.941649189026364,East,Two Year,Bank Transfer,iOS,1
60,25220.83096884359,44,108.13108650279416,2,6.749530007494835,2.3360975347073243,25.769104681621325,West,Monthly,UPI,Android,1
56,98956.84283232017,49,72.60670141609856,1,4.757126604716232,32.667073245514864,28.9110308033323,West,Annual,UPI,iOS,0
20,70646.49207566975,51,93.17657868914401,3,5.407161383021594,17.012527312415035,32.04144131618535,North,Monthly,UPI,Android,1
28,27281.31029908533,69,76.92908547218019,2,5.628510145334971,1.0,13.729122676483438,North,Annual,Bank Transfer,Android,1
18,49295.97106118836,40,98.1539087432998,2,8.716972113122553,12.975753671080867,14.125164639984922,West,Monthly,UPI,Android,0
32,81981.23443213623,26,95.25072657874493,3,9.261097732809546,11.870364368398937,19.131670584422746,East,Monthly,Wallet,iOS,0
23,58847.10971507635,44,73.52019217407394,4,9.98725636089205,13.409273076935891,29.39476165649646,South,Annual,UPI,Android,0
54,53734.64877497921,82,45.12103831234602,1,4.498680922244126,15.447510229408099,3.0762490556885282,North,Monthly,Card,Android,0
45,95819.40092688527,30,89.38711170896524,0,4.875889994730397,13.361679926720853,23.153857024821313,North,Annual,Bank Transfer,Android,1
68,41959.68277955617,2,78.87191536578104,3,4.759434993349112,12.285115460522512,30.389096420326023,West,Two Year,Card,Android,1
56,,93,28.28883256873725,1,9.391056909809016,9.889219336008095,30.017708023163255,South,Monthly,Wallet,iOS,0
49,69650.50245106188,19,100.22985306666152,2,7.9092815725132,23.75252596753161,28.377054263536,West,Annual,Card,iOS,0
44,73590.00850518541,58,113.96026336728326,4,7.336338667998527,26.407949306653727,31.56700468220987,North,Two Year,UPI,Android,0
20,,77,160.85069425626853,3,7.59036877954066,16.217983237345983,3.0,North,Annual,UPI,Android,0
21,85047.23698051683,27,73.26407490038017,1,7.1034769288641355,17.876543449774072,36.521218206150465,East,Monthly,Card,Android,1
50,69368.72965499337,33,68.83864310352797,1,5.294058519408942,10.115683978651955,24.97364458216037,West,Annual,Bank Transfer,iOS,1
18,75766.446656645,27,51.71736908682276,4,8.072393742634338,18.497144888354974,34.01186144510204,South,Annual,Card,Web,0
20,59297.39629506817,15,91.25925719461021,2,6.8835645403887336,19.609746335076736,11.42828970777963,South,Annual,Card,Android,0
29,66379.36267120771,15,91.06954541675066,2,5.159453427085202,16.464209732003233,6.215558398702152,East,Annual,Card,Android,1
63,67365.75196117995,18,60.661109956397524,3,,20.772524844386137,38.07739916505076,North,Monthly,Bank Transfer,Android,0
41,69732.1589880188,44,79.7521035398848,1,6.476161018336601,20.160961474357173,13.661303488424364,South,Annual,Bank Transfer,iOS,1
54,81995.87576682074,51,25.640029993319295,3,7.586721927630341,10.621024276365942,19.20235985830219,East,Monthly,Card,Android,0
39,77213.20500278629,2,112.79130243499739,5,,26.3513325961027,26.7470917641624,North,Two Year,,iOS,1
27,65972.77406380403,81,61.879622209835,3,8.715343912782174,16.546476181192972,28.95597994259664,East,Annual,Bank Transfer,iOS,0
37,47199.22833129713,65,83.96030945761062,1,7.574277056189201,29.729001213418897,31.70574665377857,North,Two Year,Card,Android,1
22,66488.76767737961,7,42.199197361066624,3,5.697709702743431,20.94294412593458,24.01047550651722,East,Monthly,Wallet,Android,1
58,64383.60873229364,81,67.5293920161528,0,7.747405480015504,31.79653191260283,12.511216992468661,West,Monthly,Card,Web,0
27,69249.99475589037,3,76.61226539447418,3,7.802970831604206,26.226884185145124,28.359693692537988,West,Monthly,Bank Transfer,Android,1
37,113543.55675708884,54,84.6612745911751,2,8.069266055866084,19.590327396986034,28.503004507601208,East,Monthly,UPI,iOS,1
68,53476.99887209282,45,99.39197546567536,0,8.960986233044252,12.938251933662634,5.664685979324027,East,Monthly,Wallet,iOS,1
48,74290.35842075791,48,128.1722525045866,5,6.152829265198806,13.089027676613533,34.76816357488017,South,Annual,Card,Android,0
41,88506.16547937455,91,106.98132828308069,5,8.335490634206904,21.731239994877647,3.0,South,Monthly,Card,iOS,0
46,67156.04211018642,89,113.86493629438735,2,4.267810695670632,19.001882586536425,31.30974072934464,North,Two Year,Bank Transfer,Android,1
58,116432.59262178763,27,128.38312329829415,2,6.996025814009879,13.8768163480624,16.293010287479582,East,Monthly,Bank Transfer,Android,1
31,56683.13558190751,56,102.09123644568092,3,6.733078195827009,23.83141963327029,28.34958533155185,North,Monthly,UPI,iOS,1
51,72129.96289104104,92,83.89878413143013,3,9.661336874306476,18.271399312492225,26.591747847692822,South,Annual,UPI,Web,0
63,47426.2736123544,70,115.27335718765165,3,6.934229770739975,23.873068707105084,21.665897059848394,South,Monthly,UPI,Android,0
47,57266.45582684755,85,117.1902785788497,3,8.233580922891736,11.171709533089096,26.05977975442287,East,Annual,Card,iOS,0
41,70476.54602872647,42,104.45697513898105,2,4.204976341116653,24.99630167605718,21.2219621012738,South,Annual,Card,Android,1
25,83618.68937077005,27,41.361172088916916,3,6.602011460029411,21.50696898543096,28.425557439131104,South,Annual,Card,iOS,0
30,72020.08634851863,49,59.756195407160575,4,5.761188225362915,26.38298765123332,41.66744585903842,East,Annual,Card,Android,1
67,92700.5266853642,78,76.75437687908548,2,10.0,24.842013505014368,9.928849084286124,West,Annual,Bank Transfer,Android,0
46,62910.763166961224,89,108.38863062207697,2,6.066445512893693,17.40532619504461,3.0,East,Two Year,Card,Web,1
33,57692.292343541885,66,84.3596074278832,4,7.324574423524469,16.842378215496794,18.25893159748677,South,Monthly,UPI,iOS,0
39,124487.6723601465,68,119.10605900351689,4,7.415178863867789,30.481216948136595,17.643766900773745,West,Monthly,Card,Android,1
48,73673.22828772468,49,124.45709886232844,0,4.4978869054076895,15.966020714326289,18.601886421418232,North,Annual,Bank Transfer,Web,1
45,49171.40598847195,31,120.97511406031619,3,6.305739802076706,23.23903589186491,13.662049414651491,South,Monthly,Card,Android,1
54,,41,121.1662169344086,4,7.888103071503734,15.330291054671807,29.851907522814322,North,Annual,Card,iOS,1
31,44261.04188031051,48,53.890182860238454,1,7.345727867910185,4.966818439036455,9.568034897064813,South,Annual,Bank Transfer,iOS,1
51,85604.52582884934,78,99.47906498367327,4,3.289301347586508,9.408626315358326,26.056975951494927,East,Monthly,Card,Web,1
41,56983.69955634868,53,66.77412877133752,1,6.236114544342179,20.841446194033885,27.746190560713387,East,Monthly,Bank Transfer,Android,1
66,67801.97446444268,76,35.528010059224044,0,8.935396824459717,22.90792189723573,24.848193163365508,West,Annual,Card,iOS,0
26,63602.80916235809,3,76.37586603832492,6,8.19997897643199,20.864493864541124,26.384289482433314,East,Monthly,Bank Transfer,iOS,1
25,81092.83297470056,72,124.74210896881755,4,9.270656698102847,26.021646509754518,30.54340530154717,North,Monthly,Card,Android,0
42,46371.62995655156,49,98.8222603035539,2,5.524399526380406,20.738821086638904,22.482087540312083,East,Annual,Card,Web,0
44,,95,145.53428114817677,2,9.377580209974399,12.573357055661408,18.881530476469127,East,Annual,UPI,Android,0
53,69934.54075799507,45,90.31690435804335,4,7.124509717908391,22.160115270316346,26.37733394762378,South,Annual,UPI,Android,0
39,78221.10426339773,46,158.43408260778722,4,9.906778251596197,19.18725572650974,27.40329613850792,South,Monthly,Bank Transfer,iOS,0
65,72315.7108881481,13,90.32563676551153,0,7.205617537942415,13.971093965353226,30.007129190968776,South,Monthly,Card,Android,1
42,47192.01795985879,77,85.67440888461209,2,3.7192916623856678,21.307635110268027,6.588465160985692,East,Annual,UPI,Web,1
24,79904.66652601067,67,46.61829736235511,4,8.643732771222146,18.555591162122123,20.348216313838982,South,Monthly,Card,Android,0
24,48635.05960389605,82,118.31688220878303,4,6.446026747443108,13.764996143788565,12.411685413183784,West,Two Year,Bank Transfer,Android,0
68,53526.149814699565,9,69.93624613178564,5,6.560409660673578,16.754939585059137,27.048683439508224,North,Annual,Wallet,iOS,0
24,44233.022456115956,21,65.58857081773819,2,4.729736067181392,27.894969948794987,28.54038254203986,North,Monthly,Card,Web,1
67,93625.48367034468,84,123.43691691287717,3,9.957739148310273,27.66621471248753,19.530285869586262,East,Annual,Card,iOS,0
32,78935.27390260168,4,119.74668006387871,1,6.31412800453516,19.31700897489379,15.4365881623741,West,Two Year,Bank Transfer,Android,0
22,78309.85426493522,49,118.96154101632037,4,9.877560817351284,18.400870105211,27.372671814334858,East,Two Year,Bank Transfer,Android,0
33,92438.6512651339,39,74.13426597835057,4,6.46688662529215,7.968678089153114,20.80081914706337,South,Annual,UPI,iOS,1
49,126878.28346125191,90,83.47072404084246,1,5.6228331563462275,30.035555793563987,34.83819995910973,West,Monthly,UPI,Web,0
40,27397.02571397658,82,83.20436806912446,1,9.443199595850682,25.25439321157577,37.9565774873454,South,Annual,Bank Transfer,iOS,0
58,48755.71522070362,86,108.47554542017194,2,7.0753309266996105,23.263660994930287,31.006399437714002,South,Annual,Card,iOS,0
49,51444.14814816047,28,131.6069400548269,5,7.091927587496235,2.0768849803655254,24.09391665443293,East,Annual,Wallet,Android,1
38,46281.968307580755,56,96.04439665595221,5,5.021235901518696,18.286458554590574,38.43017397564381,South,Monthly,Bank Transfer,iOS,1
51,41293.16855271832,67,144.24673256072074,6,6.422040297016364,17.110099041766386,24.1664826152182,East,Two Year,Bank Transfer,Android,0
68,58407.632590781956,92,111.91583254099184,0,7.928782900172698,22.779708068104192,17.687254986259546,West,Annual,Bank Transfer,Android,0
39,38234.71826363309,1,77.95601817656745,2,4.991394010609952,14.842784305179427,15.921936072075365,North,Monthly,Wallet,Android,1
25,72370.9320858231,93,109.86134218386925,5,6.283550919907912,16.378028484825368,15.668485937939941,North,Monthly,Card,iOS,0
39,66137.36307142953,34,136.1782083612632,1,6.485241056407323,22.335890572682924,21.94267227398447,South,Monthly,Wallet,iOS,0
61,75582.63062480041,13,144.94866950024004,1,7.312949368013797,12.584951430379249,26.16778134546042,,Monthly,Card,Android,1
29,76170.02593604155,59,120.60674033797243,5,9.71525139758505,13.98170121613476,9.263587544626738,East,Monthly,Card,Web,0
67,78266.15077538688,75,85.77023360973998,1,6.690079673928928,19.35328647832673,17.95966665189102,West,Annual,Card,Android,0
48,56785.00338987459,13,78.49920237832238,2,6.026148873898645,27.369399923447016,23.915659125526567,East,Monthly,Card,iOS,1
49,,4,102.28208510684172,1,10.0,23.65928816056343,27.792636422447938,West,Monthly,UPI,iOS,0
34,70157.48456260614,86,135.2192348581314,1,6.463584899010169,25.527828482527486,21.766695231281606,North,Monthly,UPI,Web,0
65,24025.33544225451,89,98.01307366643354,1,6.8758811260123665,18.443217643507033,24.20057320445507,North,Monthly,Card,Web,1
19,42947.73359314322,15,98.63595615606432,4,6.591661172375245,28.465546166480827,10.853298337085084,South,Monthly,Card,iOS,1
33,26708.93424138806,86,86.54193562951276,3,6.729492528113633,5.811723028490835,13.793919360902272,West,Monthly,Card,iOS,1
39,65381.36184132876,87,75.16326812106362,3,7.332183267127134,32.155674528809435,21.45224346444334,North,Annual,UPI,iOS,0
42,62320.28507082666,95,80.13596480068247,2,8.765354011908567,33.06231282626025,26.594960036709953,North,Monthly,UPI,Web,0
42,54694.634646211925,21,89.0627795573659,3,7.88677912956479,21.196314446758233,24.081729629636747,South,Annual,Bank Transfer,Android,1
25,109240.37447281132,55,136.54299988719467,5,9.031062457722916,23.825838462048587,14.36058052094154,South,Monthly,Bank Transfer,iOS,1
29,77077.62322969204,95,77.80858664407594,1,8.974848746832636,17.73400095196305,19.870942058066248,East,Monthly,UPI,Android,0
22,80974.16395181936,86,86.57836227734141,2,7.55453857954699,16.533021458486644,35.60654508589127,West,Monthly,Card,iOS,1
47,44516.38326527373,58,59.03867018780474,5,7.839730349108418,13.723907372449638,26.898324093369055,North,Monthly,UPI,Android,1
36,43018.81239071773,19,106.49893199419466,2,9.084852349656659,17.656915886149037,20.53720260979235,East,Annual,UPI,iOS,0
47,65809.720980133,9,126.00037536154848,3,5.31094312239578,21.891534329239924,12.767469144523178,North,Annual,Card,Android,1
48,68806.15707234897,25,133.7349353787027,3,10.0,20.939186930143954,15.579659945739305,North,Annual,Bank Transfer,Android,0
54,24161.145523481944,7,91.10093574087131,2,6.328605278103069,31.906221501838665,22.059313260106656,South,Monthly,Card,Android,1
46,61033.24549731025,19,102.23062849837706,1,6.603359633332741,18.701921820617862,24.48352388740006,East,Monthly,,iOS,0
51,65309.58582321711,8,80.39349033489886,4,,7.578200070584787,27.090071005914034,East,Two Year,Card,Web,1
48,60266.71835303516,73,100.84056039083568,2,5.190343626477524,29.510174348563915,25.49187025949933,East,Monthly,Bank Transfer,Android,1
51,47105.41092837312,57,94.41895457497642,3,8.855857917112552,9.453320052181617,18.667872739581835,West,Monthly,Card,Android,1
50,53130.22599773492,50,86.74793161754462,0,10.0,14.08426352146203,17.40005590546678,North,Monthly,Wallet,iOS,0
34,61109.09774139849,77,89.13261076831388,3,6.235691811625809,19.90220198945632,40.42289994060701,East,Two Year,Bank Transfer,iOS,0
30,66997.60051942104,40,98.55766850180946,2,7.790438097816781,20.920225575842572,16.99179410264904,East,Two Year,Card,Android,0
58,78305.41481611249,39,76.17542695463307,1,7.574283212710677,7.881931767486135,10.374666742318922,North,Monthly,Card,iOS,0
35,,20,77.725096237659,2,8.90041575610849,12.77469434538466,7.251542697528066,South,Monthly,UPI,Web,1
46,58524.3500824005,43,136.2208604101466,2,10.0,7.634522771092255,18.821300015832595,North,Annual,Card,Android,0
28,54964.563685462126,17,166.31640306539148,2,9.785654810568696,22.351991443257923,30.459854386001474,North,Monthly,Card,iOS,0
40,74628.42481775474,56,48.86899154397869,1,6.7942792223327295,26.283659192920197,16.816470795929256,South,Monthly,Wallet,Android,1
45,78438.58816103879,95,47.21586386871824,3,8.09890498070638,9.447133690274402,35.29763087748935,North,Monthly,UPI,Web,0
50,55447.590468304516,51,56.28541516575551,1,8.267698332661785,24.969619671335057,21.93446609375299,West,Monthly,Card,Web,0
45,82388.65649325578,29,81.90134754884335,0,7.165845927015047,24.51545121027264,31.98602260072068,West,Monthly,UPI,iOS,0
36,86550.8775054314,66,111.87341533111771,3,5.336908573055558,13.386504470619478,15.18050980725192,East,Annual,Card,Web,1
68,93417.10224449082,78,102.73758826144817,1,5.842080428442864,4.121946748925213,15.320049448721877,East,Annual,Bank Transfer,Android,1
44,104123.0599478361,45,90.16093410341405,1,9.151859506579665,10.501207865636896,22.819411329969757,West,Annual,Card,iOS,0
60,45938.84494949234,24,100.86806640873696,3,9.327223592897484,13.833196891638453,26.342991997104065,South,Monthly,Card,iOS,1
56,65305.76060531525,68,64.23741530114891,3,6.8471354797733825,28.791695927664357,20.38938481690642,,Monthly,Card,Web,0
47,65248.10932561052,18,77.67631684742143,2,7.643794169902149,17.171881974886453,24.632189056127064,East,Two Year,Wallet,iOS,0
64,62842.38149228483,95,84.3971635487261,0,9.235348496260395,10.952204168067873,27.29637358105209,West,Monthly,Card,Android,0
24,50716.21576857701,31,37.47350983384442,2,4.302742917543393,19.034939884663583,9.215448882039697,West,Monthly,Bank Transfer,Android,0
65,32317.63592891643,34,50.16069385832212,3,6.4412008675739445,8.932566303940924,18.931562957297736,North,Monthly,UPI,Android,1
62,67038.94781263809,70,51.35301816167023,3,10.0,21.600380351444443,17.33185723846219,East,Monthly,Bank Transfer,Web,0
44,48096.17548994592,2,107.92324671051323,0,7.70882311754564,11.156351585097651,17.768900581412183,South,Monthly,,Android,1
56,66891.85657644775,20,92.36064845717249,3,5.280332656004162,12.172333818665969,25.661899556665137,South,Monthly,Bank Transfer,iOS,1
45,47531.04208262522,12,103.3318360022183,3,7.399379899075314,20.628444339023247,17.456895079759626,East,Annual,Wallet,Android,0
31,40807.51639142449,38,29.81035030592607,4,8.93644050685607,30.251635779615537,3.9543012740934884,East,Monthly,Card,iOS,0
59,70154.56392829175,53,40.4929994184519,2,2.870894006541411,33.38451292165128,19.871332133491073,North,Annual,Card,Android,0
30,68320.27358974291,18,104.89646320769486,2,7.499685889224858,10.720941459543205,12.420345718675184,South,Annual,Wallet,iOS,1
34,77744.20336906053,33,20.0,0,6.566895257192772,13.823755712992766,26.46698783064291,East,Monthly,UPI,Android,0
45,,74,121.73888072799414,3,4.408603185057189,21.608725995261512,29.251272926683484,North,Annual,Bank Transfer,Android,0
61,71100.36968663863,90,30.3004856943163,4,7.339276333721526,26.18152543816094,3.0,West,Two Year,Bank Transfer,Android,0
37,75671.79887541085,2,110.30034675774935,3,6.967983606007238,2.8514141728859386,15.031911369637093,South,Monthly,Card,Web,1
43,41293.65076491884,60,58.34246125729112,5,7.159046571264014,18.611357732344096,25.180357210772865,East,Annual,Card,iOS,1
20,36688.036308199764,3,116.46711145514747,2,6.607956945583903,14.589999164052731,9.320123783185927,North,Annual,Card,iOS,0
24,99822.24782901334,50,181.24482741749483,1,5.463726161677962,4.531851606787823,29.043947894621894,West,Annual,UPI,Web,0
20,44683.444841467324,84,20.0,4,4.726835182882981,8.63982554005341,31.44384881376,West,Monthly,UPI,iOS,0
21,42033.23042768987,76,105.86131443581945,1,6.025827101533139,14.025578782513373,20.541859294960876,North,Monthly,Bank Transfer,iOS,1
63,64139.82373323583,23,30.755118592187806,0,8.66072859392931,18.411705139877185,15.034795604334176,East,Monthly,UPI,iOS,0
61,63015.766905697456,25,97.80306766652512,1,7.596219499335468,25.05672002184901,3.0,West,Monthly,Bank Transfer,Android,0
60,45144.856858247585,75,78.79683509344318,2,7.082405339940797,20.480436805574453,29.326227652849905,North,Monthly,Card,Android,1
20,58290.5891883118,78,88.8934696738553,0,5.432394146578468,24.63277606017357,40.022832808087195,East,Two Year,UPI,Web,0
22,92046.26578830229,27,57.64941171015289,1,6.564344614147841,18.18707035093084,38.16086078501638,West,Monthly,Card,Android,1
32,47268.14060570045,1,108.41623328489501,8,8.453167849207261,13.065378371441012,20.245238342585456,South,Monthly,Card,Android,1
47,34339.205343944224,43,41.54926486088857,2,8.058132396225334,16.713750322905984,12.165917640538918,West,Monthly,Card,Web,0
35,85737.05965979543,59,122.24911788696221,3,6.388761921386385,22.868621432284478,29.538618036953196,North,Monthly,,Android,1
43,75830.5320626368,43,72.72249080169452,1,2.760616342504737,25.227935185287482,20.858181014631764,West,Annual,Card,iOS,1
26,51348.59034572945,89,42.91927967790731,4,6.052759028725312,16.96487720889307,26.303185512790765,West,Two Year,Card,iOS,0
56,30192.325645207806,78,132.84810470022094,4,6.379419320061916,11.496193163318729,24.724765329672508,North,Monthly,UPI,Android,1
34,48618.28615835161,75,82.97972041572541,4,5.657919905905305,20.349607116410652,22.837031177618265,South,Monthly,Bank Transfer,Android,0
21,,2,142.22907911326078,7,6.497601168662501,21.345866746895542,31.256624231342784,East,Monthly,UPI,Android,1
56,90644.78597744401,82,121.64068387940026,1,8.588135217931871,26.629033602371823,31.59101262127556,West,Two Year,Card,iOS,0
64,42195.19655286755,72,61.055628856406955,7,7.1365960299739255,13.248659889282766,17.295810837595937,North,Monthly,Card,Web,0
18,63140.56260674758,38,82.45030597189754,2,8.8824832814384,13.32541922014019,13.691987757522167,,Monthly,Card,Web,0
40,79853.18251768776,57,88.63113818990723,3,4.635767454402813,23.29312138277703,3.0,West,Monthly,Card,Android,1
61,,79,130.78909599959317,4,6.681391101476596,15.147965002936237,18.884547759101853,South,Monthly,Card,Android,0
54,87743.2956946558,87,98.12553140101345,4,3.9036624115635,14.85221072124627,12.160073573397996,East,Monthly,UPI,iOS,1
62,38986.08741145838,53,90.28877863289378,1,6.474818199277358,26.778979090981707,25.772772270973803,East,Two Year,Bank Transfer,iOS,0
39,72303.90085605255,4,79.00361238705077,2,5.422382325993955,8.402960756031792,18.97719758639113,West,Monthly,Card,Android,0
37,70427.02929143637,59,83.48328892436082,1,9.378129816828249,32.39342197842858,19.953142147324346,North,Monthly,Card,Android,0
54,88860.9006122046,65,124.13776257034974,1,7.89651040993396,13.711552108245211,29.30769486176693,West,Monthly,Bank Transfer,Android,1
25,77120.33637965789,6,85.11116052392423,1,8.925210142508124,24.067098819604986,25.5752921203037,East,Monthly,UPI,Android,1
30,18000.0,78,73.15008186105476,4,6.47010869703602,17.238402366522376,20.949789460570084,West,Two Year,Bank Transfer,iOS,1
49,47734.856562568195,20,68.0647850315894,1,5.466479234901707,19.89953599410495,37.17783108341733,North,Annual,Bank Transfer,Web,1
52,68040.51284577216,85,68.38704538491514,4,5.4123429092846544,16.160494501667664,28.643340246997308,East,Two Year,UPI,Android,1
24,60710.442505364685,53,42.93712011871705,2,7.651246777310458,23.996036564230817,18.257252316302722,West,Two Year,Bank Transfer,iOS,0
44,75507.43605464895,31,62.48874075020563,3,,15.568732881863035,18.65872060643083,West,Annual,Card,Android,0
36,82366.06422473352,6,129.9526082695097,4,7.90104989643483,13.98937469708429,29.09541724153632,North,Annual,Wallet,Android,0
44,78385.93820145294,2,78.80202218297511,4,6.5628948602111095,30.69339278108994,23.82561128541538,South,Annual,Bank Transfer,Android,0
67,60285.95126380176,71,106.13235005668295,2,6.879089546284808,18.205678879095842,11.909562606994204,North,Annual,Card,Android,1
21,24380.585755349428,36,20.0,5,7.146789436021944,13.270131072863215,30.052415558002632,North,Annual,,Android,1
69,54979.41252519402,80,102.04933926897638,1,10.0,7.567993870616709,33.315089801771904,,Annual,Card,iOS,0
41,74160.09925905701,22,80.1594188689266,4,9.2971345619193,31.05904621725186,32.63249981205261,West,Monthly,UPI,iOS,0
58,41010.160443889494,88,70.55679931328474,5,7.641930307055622,14.136522364813239,35.884741013630176,East,Annual,Card,iOS,0
40,78888.04406267469,90,90.42879872263396,4,7.386544345270381,32.432867669508035,40.62278316601292,North,Monthly,UPI,iOS,0
34,84984.6525398807,10,70.12524238563917,4,7.708900763628789,20.791980459890176,37.569631317906115,North,Annual,UPI,Android,0
58,67791.07347850854,62,21.283752403349318,1,8.04026863778123,19.000196402117158,25.065956035837498,South,Annual,UPI,Android,0
53,18000.0,90,112.66743823515812,1,6.497563479941487,19.188906686295983,20.12414912238123,North,Annual,UPI,Android,1
25,36882.05602034033,31,92.29052684044579,3,5.765065789459718,33.511656574936865,5.533584726980763,West,Annual,Card,Android,0
54,106496.1614882338,7,75.58172635756445,1,8.954774442943272,2.6544700140539685,22.0978106089604,North,Annual,Card,Android,0
57,52976.16855337568,84,56.01443883782688,1,7.2373706419723725,19.500390636552538,26.672224530207565,North,Annual,UPI,Web,0
38,21348.84909116209,46,40.90427451678595,2,8.812837490885446,16.1435747472896,22.39197614884619,East,Monthly,UPI,Web,0
66,92175.442542826,3,91.71678121204172,1,,16.50834630441856,5.0060110119482495,North,Monthly,Wallet,iOS,0
51,65293.823013960806,80,133.40322880676078,3,8.085045047969253,19.045182964993327,19.42040786127634,South,Monthly,Card,iOS,0
35,89308.69075706995,65,91.09499430223114,2,7.8095324152691195,16.136220953527115,27.807988439710137,South,Monthly,UPI,iOS,0
18,71093.09085482603,7,43.51715181721522,3,10.0,19.31691467031814,12.766764685324794,North,Monthly,Wallet,iOS,1
53,75088.30099666772,25,91.75350181115208,0,7.55193421807569,17.83495776491462,23.49122120713481,East,Annual,Bank Transfer,iOS,0
28,72986.20344971937,2,83.39971113259816,2,5.346070426661209,8.805092752707457,25.884643007913258,South,Annual,Card,Android,1
57,80344.742862262,91,110.9213087822269,2,6.721917105307622,20.669562264676152,32.0617087692317,East,Monthly,UPI,Web,0
45,115103.46986823416,3,103.20199532235179,4,9.83786400996742,23.012381161897068,37.41344853514621,North,Two Year,Bank Transfer,iOS,1
42,86362.13939110213,76,20.0,3,4.999915504523921,14.205540677443416,18.599565436504,South,Monthly,UPI,Android,1
26,30232.535007398234,49,101.35726613285371,2,5.920818672939934,31.075272547568495,23.653816436116315,East,Annual,Card,iOS,0
54,74826.55333613587,56,54.89561771487749,1,9.08092557014648,27.349002219648657,23.935622553017687,North,Monthly,UPI,iOS,0
26,90112.57689827078,78,42.34813775653903,1,6.738244907727842,23.9076660941982,27.844373734495306,North,Annual,Card,Web,0
39,,86,79.34579768879308,2,7.012582162139958,23.8227452081961,26.83662777077211,South,Monthly,UPI,Android,0
61,55614.69037269981,13,97.32913327090034,3,9.02473379422207,18.210678668269214,34.82505004269794,North,Monthly,Wallet,iOS,1
65,90628.7777941388,2,35.77796169139527,3,5.981404001388267,25.989604733140943,3.0,North,Monthly,Wallet,Android,0
69,85410.33279012651,12,106.13729251172654,2,4.703375832412496,28.995282284434715,25.762189704006936,West,Annual,UPI,Android,1
67,121595.38361333407,65,107.90016542594799,3,4.838893849533689,23.65616808968364,26.386699081218104,South,Two Year,Bank Transfer,Android,0
46,48499.96180253275,55,86.40928588898493,2,,14.008016607313444,19.88293690723031,East,Annual,Bank Transfer,Android,1
28,53837.18731919065,8,58.97129109318854,3,7.640524559512351,17.722229931993798,3.0,South,Annual,Wallet,Android,1
61,58265.38093388102,23,55.61865987432124,2,6.02263692742514,22.01569023083263,21.451035003037298,North,Monthly,Bank Transfer,iOS,1
59,54215.11269914694,52,115.77796394740682,1,5.230054244627873,23.86421432832301,15.604953135790229,West,Annual,Bank Transfer,iOS,0
69,45419.54350520074,70,39.663319405122856,2,6.740025687246926,17.457659498195145,37.10159868931351,East,Two Year,Card,iOS,0
51,18000.0,33,116.93411382457535,5,9.098079386625804,14.0323401702505,25.37762232845086,West,Monthly,Card,Android,1
25,55436.61157809105,91,80.0440252260869,1,5.779109478490265,29.089448911644823,14.840636552551661,North,Monthly,Card,iOS,0
44,73125.8773133979,95,82.12496501071429,1,6.073437162680644,10.493761998367297,3.526194956843682,North,Monthly,UPI,iOS,1
41,54149.11939886997,73,33.757368837600254,1,5.176113335511156,11.410677710569573,27.315559139965377,East,Monthly,Wallet,iOS,0
61,107578.38603764042,44,80.5985010961424,1,6.575398088526309,8.710105333490104,28.265342743692816,South,Monthly,Wallet,iOS,0
38,65294.26787974898,84,103.40756548034128,1,7.7747342842181855,11.395144262629731,20.05800833961813,North,Annual,Bank Transfer,Android,0
35,93402.63921405099,70,44.907697364440565,0,10.0,26.731414139833024,27.43307933940047,South,Annual,Bank Transfer,Android,0
22,70751.24908005931,50,99.95907601755536,1,7.570228571793893,26.96582929559242,18.86556524383017,North,Monthly,UPI,Web,1
61,83180.96081765168,43,87.67036761037068,1,7.108747221097068,17.481681258743812,31.604937476513456,West,Two Year,UPI,Android,1
57,71143.31418653837,80,65.68733158503079,2,8.666992230174724,21.474200768897465,30.93416352193477,West,Two Year,UPI,Android,0
20,95113.26190187837,53,110.64019259473913,3,8.383566438111416,17.92646795663259,7.249671657373696,East,Annual,Card,Android,0
40,66230.66570291281,18,20.0,2,6.217976615576639,9.656162218329314,9.443273404529993,South,Two Year,Bank Transfer,iOS,1
42,75914.6555779533,95,95.40042246231127,3,10.0,33.52674905372103,40.28153550739175,West,Two Year,UPI,iOS,0
42,73059.32454030096,7,133.58305474219878,3,7.15854830110028,27.623179755489836,30.38976715024381,East,Monthly,Card,iOS,0
65,58657.71992119899,67,128.19829417301986,5,7.601838044604852,20.48093583730796,10.63857095474295,,Two Year,UPI,Web,1
25,73909.61101634288,63,96.69420161615568,3,8.137292598386425,12.008770543254112,7.866579654193842,South,Monthly,UPI,Android,1
33,114156.49741634901,56,75.94957671607463,0,7.7879830249420205,16.425459359811544,23.86994859049109,West,Monthly,Bank Transfer,Android,0
27,59051.267273900274,5,65.92592330357107,2,9.793176037086802,13.153021140060218,11.71916147314052,South,Monthly,,Web,0
30,74228.22764277147,47,75.91222618283074,3,6.197155143479052,18.683075686499283,19.14963350867636,East,Annual,Card,iOS,0
65,92671.13691912775,85,101.31421743753718,2,8.531749823049598,20.16946222219544,21.574487293593183,West,Two Year,Bank Transfer,Web,0
66,90085.57218077416,23,60.78268583621751,4,7.479766357154465,15.612121543327465,21.186054500217562,West,Monthly,Card,iOS,1
20,65257.76118982604,66,107.72271454151144,1,8.87062943168619,7.819110729650985,32.138844536042434,West,Annual,Card,Android,0
50,18000.0,82,148.99481554009972,0,6.834524735053927,32.92441290001119,38.51280615212953,South,Monthly,UPI,Web,0
30,76367.46201026626,91,83.14350294617815,1,6.604293894539695,19.662687227819458,17.68973932451057,East,Two Year,Bank Transfer,Android,1
28,18000.0,50,44.66815590150084,2,8.44452492862422,21.19614400136099,11.824067525770836,South,Monthly,Wallet,iOS,0
33,97338.61908070708,30,44.65765761050761,1,,15.043134297475099,25.49961539485218,East,Annual,Card,Android,0
28,68728.42516625173,67,108.29696655134727,2,5.805499686047044,7.0659221926955045,36.68332102998448,North,Annual,Bank Transfer,iOS,1
43,86992.82843718375,47,83.20761463118669,3,9.487540886904238,17.416896283715143,18.371063592943205,South,Monthly,Bank Transfer,iOS,0
69,45153.554960016874,60,111.30492688192159,1,8.445265937684383,15.737445937091698,29.653230028127915,West,Two Year,Wallet,Android,1
48,30844.835587398804,71,68.99097252521952,4,7.073852876156709,22.96674066503704,14.465779667192928,West,Two Year,Card,Web,0
55,70736.59645110568,68,109.91870642619494,1,6.404007110057103,24.34254301363319,22.191442312901103,South,Monthly,Card,Android,0
43,,24,80.25102479650823,1,7.819022524685095,23.355206357965592,11.542519459298592,North,Annual,UPI,Android,0
18,54186.101824542355,72,63.024878340281525,1,8.322824880845532,24.917906351420044,22.097488544313222,South,Two Year,Wallet,Android,0
22,66862.5481761208,52,72.97004563592847,3,4.49007237424959,30.625660652336187,20.951905191559604,North,Monthly,Card,iOS,0
31,125883.58962470971,89,49.08836933730291,1,7.838657568288815,20.72896217674889,27.473106092458693,North,Monthly,UPI,iOS,1
30,83359.56204211927,63,144.68078675744835,5,8.309342994103009,25.69451074566884,38.00255447820571,West,Annual,Wallet,iOS,0
61,88088.96932899301,85,82.1085455932454,1,3.200837380054789,21.4570240168501,18.49994121181591,South,Annual,UPI,iOS,1
61,83566.61161417383,93,104.33542266046588,0,7.533522419866993,4.6997522001545775,4.0024376738887675,North,Annual,UPI,iOS,0
62,97548.16716474824,95,68.89392601387603,4,8.380835528472485,16.918358021186037,20.18106499738381,East,Annual,Wallet,Web,0
51,60818.42319618361,71,53.44216534060531,2,8.187493134249728,11.926019451673515,24.69385861139586,North,Annual,Card,Web,0
46,19795.251231143535,57,77.98358467246194,2,8.564162203127403,19.620033314930524,23.81710079431064,South,Monthly,Card,Android,0
51,60851.10507386779,12,118.03577600137595,1,6.643136793568978,12.46292888480454,20.583194707432696,North,Monthly,Card,iOS,0
39,82858.18561992304,37,69.37804625805148,0,5.432159061051725,22.239766230212357,35.38943446716716,North,Monthly,UPI,Android,1
52,43664.39130746838,46,58.88404081811754,1,4.140434635998826,24.867196686977167,23.225930858810333,East,Monthly,Card,Android,0
59,61119.94908923473,75,89.6639273310743,2,9.056779508965699,26.424990322141113,21.0568336139248,East,Annual,Card,iOS,0
57,49781.06565394911,56,99.97067802153232,3,8.395211339450384,29.334830930669874,15.000644858521255,South,Two Year,Card,iOS,0
49,98044.64354054886,42,134.2854450655955,1,9.186431182408397,6.267831411503751,6.279603813929235,West,Monthly,UPI,iOS,0
21,81488.0543389444,14,95.61251435117484,1,5.967259689964955,9.606999755372271,24.963087426861435,West,Annual,Bank Transfer,iOS,1
55,79333.8936541671,69,104.31978035593704,1,8.566521918463119,38.49470630363183,24.208761098806207,West,Monthly,UPI,iOS,0
37,78675.22888866137,42,106.57825710760964,2,4.645442381673442,25.066666039016805,12.466025185646444,West,Monthly,Bank Transfer,Web,1
56,64180.51644385321,4,50.40953854202109,0,5.721860950193321,19.57113579732908,21.600648764033643,West,Two Year,Wallet,Android,1
46,69346.23821560507,27,56.10003788591367,1,7.414161268063323,18.224262572183267,20.705337098255978,West,Monthly,Bank Transfer,Android,0
63,38925.93922828902,84,52.48311131183049,1,8.327452970704915,17.601978970335566,16.379495280317418,South,Annual,UPI,Android,0
35,18000.0,12,45.03562732925063,1,10.0,4.46377409725206,14.860203581656897,North,Monthly,Card,Android,0
66,68301.78486759053,39,108.86379624611212,2,6.7918910888227115,12.593696267635554,25.645735039943702,East,Monthly,UPI,Web,1
61,72127.78563798718,49,93.70150274991266,4,5.728225472958591,17.21706683846739,19.967694686046844,West,Annual,Card,Android,1
35,91603.82050535831,8,87.38488189274348,2,5.640846907686571,12.988980871777294,16.68105767715017,West,Annual,UPI,Android,1
43,99569.38795381208,16,20.0,1,6.030661893458702,13.904048066154097,14.244951768367876,East,Annual,Wallet,Android,0
45,99539.96666997683,90,146.66430575855856,6,10.0,35.91111995386433,20.830134408137177,West,Two Year,Card,Android,0
57,43043.480947534685,57,58.17183987539333,5,8.48668508792858,16.238428709035194,30.320352119827923,East,Two Year,Card,iOS,0
53,57250.16923110507,20,146.55438267816874,1,9.091304145616181,19.946840057867117,23.859760667921353,East,Annual,Bank Transfer,Web,0
62,75567.35450939035,17,41.52275558046052,1,6.79372450179418,19.69775399502605,19.865901802228272,North,Monthly,Wallet,iOS,0
37,120701.9029103279,41,60.62796524330389,2,7.197197239922132,22.126216490361585,24.776413821115785,South,Monthly,Bank Transfer,Android,1
44,97562.18248170616,69,20.0,0,8.38874966012949,14.659020638909285,34.279465132008404,North,Annual,Card,iOS,0
40,89626.73756396436,70,95.86374927828092,1,6.340142115172403,26.728868736270776,26.41372631662119,North,Annual,UPI,Web,0
65,56468.66497791561,19,51.96229537566303,0,6.704776592870651,21.10493535524715,24.341808834155724,East,Monthly,UPI,Android,1
33,45569.60811458726,69,52.809995377049376,2,6.053002662351472,8.989849383927336,27.74676553833896,North,Monthly,UPI,iOS,1
48,82355.97343443127,86,43.82457348476808,3,6.439262410412905,17.2474720053926,20.577876371298974,West,Monthly,UPI,iOS,1
24,40785.45218684408,22,108.32065188213589,2,7.283263641255649,16.794961755297464,23.656610386925703,South,Monthly,Bank Transfer,iOS,0
62,59754.40027843334,3,106.34390954702641,5,,16.47284181268564,17.599401185085892,East,Monthly,Card,Android,1
37,62474.885121957705,92,139.36101673236357,0,7.686164264519957,21.565077615561588,8.045020107980221,North,Two Year,Wallet,iOS,0
35,100044.06596070177,50,64.4288013678108,0,7.683788967436899,22.443076324254545,25.085522671486096,West,Annual,Card,iOS,0
48,57196.659334887096,74,91.56458113140401,2,6.895277307144489,21.6165715796979,25.12012075991983,South,Two Year,Card,iOS,0
43,18000.0,31,46.31994407794145,2,5.793318245542184,20.37240750654294,19.410583375567704,East,Annual,Bank Transfer,Android,0
62,76097.78224857431,29,74.94882931794046,1,7.378437183218165,18.599463953593226,31.322389617415897,East,Monthly,UPI,Android,1
45,49621.51923171362,22,69.43464060156467,3,6.341662242981955,2.94155097121385,15.505570112245305,East,Annual,UPI,iOS,1
44,65937.88253763043,21,98.93349872486263,2,7.279210084080258,23.445248402567213,6.057540293217819,East,Two Year,Card,iOS,1
23,63092.49658147328,45,115.51065419254573,1,9.066816694585839,21.418478665745337,15.725957387303232,East,Annual,Card,Web,1
19,58978.5120920091,11,114.732000724945,1,5.070001800923144,11.106671063301313,8.131546277032124,West,Monthly,Card,iOS,1
38,82387.49279926349,80,59.715631833471676,1,10.0,19.96407594877649,25.042327199416075,South,Annual,Bank Transfer,Android,0
69,31276.97267624044,49,114.95403713868998,2,7.076709893960841,22.535569367561564,15.231299172649413,West,Monthly,Card,iOS,1
65,53625.687051004075,87,83.6774458867661,3,7.900126765640065,26.19872945657543,30.862202732462002,South,Monthly,Wallet,iOS,0
50,80048.83408858239,48,75.26209312308956,2,5.920324846588881,21.57211010221721,30.674189223035143,South,Monthly,Bank Transfer,iOS,1
50,51490.1349424239,29,63.744655395432446,3,9.141759634220803,20.25121264771457,13.67523316085683,South,Monthly,Bank Transfer,iOS,1
38,29606.25239606062,49,68.20192616915344,1,6.986435001933861,24.6274062225052,14.727038230702174,South,Two Year,Bank Transfer,Android,0
27,79708.21755164818,15,137.269415385887,1,6.5299988733414045,15.854219858641185,26.809956874152867,South,Monthly,Bank Transfer,Android,1
18,89708.08186971386,79,94.2223229948207,0,6.221624463831525,20.884022537165368,30.818558033031913,West,Monthly,UPI,Android,1
35,64010.10543185386,69,90.23835542503615,3,6.743563556158369,13.652207640573241,3.886414495391847,East,Annual,Wallet,Android,0
34,21861.396833670282,14,77.1325942438916,2,7.911190449019944,25.772076953349124,24.535037830266024,West,Two Year,,iOS,0
27,80531.33442737395,56,158.37935834314084,2,7.493778174071979,6.732022200203295,3.0,North,Annual,Card,Android,1
31,28482.466608766867,52,124.15031466539274,1,7.132238453712537,23.717160219052268,17.063355010911145,East,Monthly,UPI,Web,1
19,71793.58409065964,20,63.36813655603622,1,5.990583589485306,18.12396273293605,31.84291127106608,North,Monthly,Card,Android,1
49,45475.795855672484,12,76.79154835886128,2,5.8924050943275414,24.75771131508405,49.08793120077425,South,Annual,UPI,iOS,1
66,39483.53571312677,73,78.57266369887269,5,6.416513719614458,12.536189407260917,19.85058549265929,South,Two Year,Wallet,iOS,0
53,55277.979624246815,26,89.37615934847798,3,7.982468710673214,18.629885051714073,10.775957094669591,East,Monthly,UPI,Android,0
41,60967.453758600284,50,63.96322022105694,1,8.325841788809687,18.424410628118945,17.378570430264404,East,Two Year,Card,iOS,0
39,50827.41849149814,24,98.16449570085089,2,8.554975134726632,21.03718492035319,22.59462719236274,North,Annual,Card,Web,0
33,77951.47212073332,63,128.56264396117945,1,7.197506280984026,10.667066345464136,15.967828844150116,North,Annual,Card,Web,0
25,55186.47367390565,5,45.5911567298751,1,7.852055299560302,22.453505616590476,13.676586916181757,South,Monthly,Card,Android,0
49,86564.19917678008,35,51.15559788723799,6,6.913633801699051,5.078741103493503,18.158349941748906,North,Two Year,UPI,iOS,0
47,71185.80964415654,52,70.50524334108079,2,4.238093415421774,13.325105600178453,25.560195396027183,East,Annual,Bank Transfer,Android,0
18,49653.74145488122,42,71.8961331967651,1,6.832924457783023,7.060889950025608,20.475319548492884,South,Monthly,UPI,iOS,0
39,45949.32255568971,59,144.9539762423779,0,6.561944736891822,23.797535797799384,14.065574799162706,West,Monthly,UPI,Android,1
32,28755.081420956347,18,115.05127660044516,2,5.433623152470613,20.80091544256325,15.969437502827855,West,Monthly,UPI,Web,1
26,71396.1299130701,42,113.32967056354792,0,6.2354299012202326,21.192270528291157,18.275273052966106,South,Monthly,Card,iOS,0
54,57199.07396047012,72,77.06902919459799,2,7.429655404294662,28.312325773739914,13.005162421742046,West,Monthly,UPI,Android,0
45,18000.0,32,76.41059779639558,4,5.273480464335371,15.788408315867384,15.635695032510117,West,Monthly,UPI,Web,1
50,53214.272799073195,15,41.44883758703804,3,5.991664698593125,22.26709976988862,27.792724005433662,North,Monthly,Card,iOS,1
55,45177.251356391054,81,108.45220684143452,1,9.83143342643962,18.462156430235325,19.927111348970588,West,Annual,UPI,Android,0
69,99664.90702775453,74,99.73163814426357,0,4.47539924600348,17.396358117319743,6.2186173682438355,South,Annual,Card,iOS,1
59,27538.87053834719,65,123.5799209403485,1,6.888590328667922,27.14638082455227,31.22453829158477,East,Annual,Card,iOS,1
50,33290.28240585081,76,78.67510859931498,3,5.217274078201056,32.57315554381429,25.750478378065647,East,Monthly,UPI,Android,0
63,89419.3321483254,74,80.74662561398809,3,5.922217443695613,14.979733359956098,9.55180332627522,West,Monthly,Card,Android,1
42,94848.78946420719,71,90.10136585681907,1,6.863846709649207,23.83603714063918,18.711588944974928,West,Annual,Bank Transfer,Android,1
69,48610.37534803589,49,111.75692726521287,1,5.521120591531093,20.233818388527677,14.871110538479904,West,Annual,Card,Android,1
57,51094.11189820396,2,40.89353133707563,1,8.175682046122928,20.317786957153093,28.092151381716686,South,Monthly,Bank Transfer,Web,0
51,78557.17872417287,57,107.08168401215124,3,9.496956053613102,19.730244103234416,18.655129965571106,West,Two Year,UPI,Android,1
64,18000.0,26,84.38513313481508,3,8.630852831374643,15.668454059771893,21.345039995026347,East,Annual,,iOS,0
44,24053.738940877767,74,53.24088196138911,3,8.941842300125476,1.0,20.297250221419684,West,Two Year,Card,Web,0
55,58823.86518128434,45,22.461827420378008,0,4.854449345651016,28.74366527218942,8.678789232471466,West,Annual,Wallet,Web,0
32,99097.59245484078,87,80.9057886436494,0,6.786779262907473,13.136871886293207,34.6485655116144,North,Monthly,UPI,iOS,0
68,55413.938060331726,57,128.4313894982221,0,7.994615814500834,16.309099985345743,27.960970514651677,South,Two Year,Bank Transfer,iOS,1
50,67220.60941817341,53,135.24054000224186,0,8.681024553994712,16.457949699873385,15.273547590551189,West,Two Year,Bank Transfer,Web,0
58,89943.36399640827,88,95.66128632010289,2,10.0,12.513376247226356,23.726757288958083,West,Two Year,Card,iOS,0
41,111351.46413211922,46,143.86016991526742,3,9.017367305769207,19.68168099396935,30.767061233626492,West,Two Year,,iOS,1
63,52309.33359073712,36,83.71176751129765,2,8.724030660245603,17.689812952045408,22.501669114818327,South,Two Year,UPI,Android,0
21,64629.592077864625,36,113.59910654928343,4,10.0,12.984248148193233,36.01078768001281,South,Annual,Bank Transfer,Android,1
23,105085.21486954254,84,71.46307333280718,0,7.363725438732403,19.045114116559485,48.26065757726025,South,Monthly,UPI,Android,1
44,31511.615945788573,72,69.56203482147554,0,6.708600654989333,17.76867314929145,20.86490437679755,South,Annual,Wallet,Android,1
56,87606.78355218408,16,64.6747264935809,2,7.501508436222763,24.494869999016714,16.75723231263222,West,Annual,UPI,Android,0
60,42597.058288052314,47,23.184131586270624,0,5.644410315332439,8.617320486227872,13.095316731813481,East,Annual,Bank Transfer,Android,0
40,67254.39207626945,36,123.61276779840735,3,7.314977435805272,12.362274753757518,3.0,South,Monthly,Card,iOS,1
51,59662.380957193964,62,65.75102682585951,4,4.264351270578281,23.07708327586183,33.2333054630468,South,Annual,UPI,Android,0
46,43923.744784572955,5,60.95683660734411,1,6.299817637834731,13.521799395862438,18.818555709430463,West,Two Year,Card,Android,0
67,43371.75759151795,68,49.60084955161973,2,7.003932400488495,11.676184162184416,29.878201727230596,East,Monthly,Wallet,iOS,0
52,71081.11601358259,71,78.86921690391151,2,8.814379994450174,13.867963412939723,31.68806953799938,North,Monthly,Card,Android,0
39,86901.865219579,22,137.90476931679228,1,9.088853925456814,17.29314898317432,12.271267930620809,South,Annual,Bank Transfer,iOS,1
68,62145.80352985293,15,147.81336552468153,2,5.561850989923162,17.31974744753071,13.622672247293291,South,Monthly,Card,Android,0
23,66542.48949213076,60,35.1739937259375,2,10.0,16.530290947283667,37.7021820050539,South,Monthly,Card,iOS,0
69,77565.82945840304,25,74.36656012071153,1,7.452234913347154,10.800043960859451,21.369413651857585,East,Annual,Card,Web,0
26,43624.386993714885,90,53.969266897189044,2,7.608076442252308,23.41211249077472,16.057412165931666,South,Two Year,Bank Transfer,Android,0
32,81273.23518508431,74,114.6501322363456,4,4.449921075519844,27.28353833580374,12.593440345862055,South,Monthly,Card,Web,1
60,83025.54813531443,91,93.5978064188178,0,6.145902436795903,4.626999195292882,20.726897976389992,South,Monthly,Bank Transfer,Web,0
56,122279.77857250902,51,65.90292017860494,1,8.984700479605213,7.125215678035316,35.57104978880449,South,Monthly,Bank Transfer,Web,0
68,56725.70780768919,90,87.17719241773057,2,7.488623386612268,25.019998823424913,28.168941835868136,East,Annual,Wallet,Web,0
56,54922.20036330119,2,70.67744135776874,3,,28.988574384380172,23.635861116797148,East,Monthly,UPI,iOS,0
51,81917.2491746224,28,133.42738283124692,3,7.586192689978318,3.0957471980668423,36.29668849231943,North,Monthly,UPI,Android,0
36,83020.29171606705,1,101.40878545048115,2,4.746552681353718,23.708055508951837,34.56197648473456,South,Annual,UPI,Android,0
18,53228.08262571234,65,105.09470262749313,1,7.03576545921747,29.465159205141457,25.00709989650272,West,Two Year,Card,Android,1
24,56130.421107538925,49,20.0,2,9.594161604005958,11.963114139170319,46.98507691782521,West,Monthly,UPI,Android,0
33,76904.87844079689,28,82.99633963513567,2,9.04740295751134,29.057674788252477,19.773191599658425,North,Annual,Bank Transfer,Web,1
20,46793.146703837454,29,147.49632877177103,5,6.987160948403483,16.75404003383996,31.882256474432737,North,Annual,Card,Android,0
44,55968.252263669674,62,124.78387210110053,1,9.858236746414644,20.202459634011838,18.463030554620854,West,Monthly,Card,iOS,0
58,66971.04088210556,18,29.58731242239091,3,5.05953253849373,12.965366798170379,30.12563592777479,North,Annual,UPI,Web,1
68,86910.65106608967,49,75.59722501949217,6,5.548113969744358,25.007199682149725,19.764515347917015,West,Monthly,Bank Transfer,Android,1
43,51698.8304440501,59,48.95441602243836,1,10.0,23.84116482330827,26.152314843253194,West,Monthly,Card,Android,0
63,24467.541835325217,23,136.33304681088612,4,8.18255430112449,30.072965490108764,43.511223188942964,North,Monthly,Bank Transfer,Android,0
69,22834.85571459936,22,92.32834846827726,4,6.708891518426066,28.08425158377157,30.56666621243147,North,Monthly,Card,Android,1
62,37292.91253246507,34,61.96613320805692,1,7.10595843774008,17.935949690479355,26.291570014208663,West,Annual,UPI,iOS,0
42,36110.31019960138,57,86.02473830622367,1,5.828727107683788,39.758650306273275,15.027674870394478,South,Annual,Wallet,Android,1
34,61598.563310362,25,20.0,3,7.670207423072657,27.455548539315902,23.694058340529036,East,Annual,UPI,iOS,0
68,38844.63662085269,37,52.4511608963027,3,7.535560358729501,21.7836122453196,12.927977485829347,North,Annual,UPI,Android,0
30,49539.39088393351,52,86.09331177478929,1,7.233804006766574,11.019919216424718,29.98278713413329,East,Monthly,Wallet,iOS,0
39,47970.1105303949,18,110.37026105359968,2,5.228414434141137,7.289770895406555,29.756898757208564,West,Two Year,Card,Android,1
21,55308.82706134414,55,26.760576382079776,0,7.650085388817149,7.884805000463375,20.38328098677769,East,Two Year,Card,iOS,0
59,94095.0952935087,14,73.56534076892711,2,6.299830564882546,11.46434159152818,36.971787881953375,North,Monthly,Wallet,Android,0
51,79562.84696747137,14,115.29057215556466,0,5.523838657168381,27.641118591231596,35.706064624329926,East,Annual,,iOS,0
22,65354.84713607209,23,41.456400268801836,0,9.353462235613515,21.40962239336266,23.34681938601358,East,Annual,Wallet,iOS,0
29,54857.421827221566,28,91.87548504352519,2,10.0,13.706387716420792,27.08960009489025,North,Monthly,Bank Transfer,Android,0
46,55468.88155429353,3,86.97923509318011,2,10.0,17.04891692372305,16.703885038530085,West,Monthly,UPI,iOS,0
46,72210.4223389429,92,136.43140961069807,1,8.305208698395884,16.195775179504796,19.550375254330707,East,Monthly,UPI,Android,0
59,77851.71961375038,30,78.09591420665087,2,6.748505365565377,23.600354693665643,12.297930574327848,North,Two Year,UPI,Web,0
31,45032.41486578679,77,79.85198204874789,3,,11.84841566294919,17.694967092511018,West,Annual,Card,Web,0
66,65802.57662351309,86,110.64879259494066,2,7.889523847885867,20.4478047028137,21.060500221697723,South,Annual,UPI,Android,0
41,20304.36948941341,77,45.20953995851966,3,6.485578820815979,20.1006004316269,7.0566947801045785,North,Two Year,Bank Transfer,iOS,0
60,69657.70325175313,79,78.37350380347424,1,9.441977102208073,12.057923928929618,27.1913257749651,North,Monthly,Wallet,Android,0
30,81767.28332309109,10,71.32824967478469,6,3.7392632596414845,29.116042204472443,31.199154434736467,South,Two Year,Wallet,iOS,1
19,58838.490208620744,36,80.832645618847,3,6.697266558221363,15.931001554338101,21.92874038581608,South,Annual,Wallet,Android,0
20,104963.59391508231,71,110.45219346888514,2,8.561821536514444,11.050749128106348,3.0,South,Annual,Card,iOS,0
37,45612.754156406896,55,101.62484455246519,3,5.763228599624305,23.970159856641352,19.723065120264124,West,Monthly,UPI,Web,1
67,69783.68913667175,1,62.53953074413971,2,6.791746884997684,18.381469040082496,9.45952408869268,East,Monthly,Card,Android,1
20,64211.85557334898,54,89.10097609981638,2,8.209193807613444,20.85899818861338,16.513428707169236,North,Monthly,UPI,Web,1
37,62793.45131624502,77,129.71324842301573,3,9.781057481964254,9.707241398659221,35.06742670565672,East,Monthly,Wallet,Android,0
23,62484.91230389555,79,60.059029036080844,5,5.000304920317385,23.686913761493805,3.0,East,Monthly,Bank Transfer,Web,0
66,,37,89.35500341191037,3,4.874273370816738,33.20699855167188,14.652737276013777,South,Monthly,Bank Transfer,iOS,1
53,83655.09235620139,23,79.20517969184114,1,5.5917486806722705,9.160163891508757,29.466126506694035,West,Annual,Card,Android,0
57,95310.19719804438,30,83.10984952489669,1,4.586189054136128,20.4794616419267,15.682664924062053,South,Two Year,UPI,Android,0
55,64950.49462090854,29,36.08027133251798,3,4.707156625800501,12.502832132549912,14.994128405452674,North,Monthly,Card,iOS,1
52,82936.95358777593,33,127.32288562936614,5,5.5464759639190095,36.82724241718224,40.291655517467746,North,Monthly,UPI,iOS,1
58,49561.12718213079,29,61.7694429733545,2,9.296939032018186,26.67742734705175,25.405486540694714,South,Annual,Card,Android,0
18,81851.01995997713,44,115.78215910460598,2,6.669469409283113,19.97475140120979,30.40872169928778,South,Annual,Bank Transfer,Web,0
63,48236.186475806215,4,66.35870175857467,1,7.253337680466232,9.404927668914056,26.452027460867974,North,Annual,UPI,iOS,1
56,88994.5185939389,27,66.23486044312719,5,5.575710763517897,11.097607476566193,23.455276524389003,East,Two Year,Bank Transfer,Web,0
56,113634.09930265127,30,121.393697513964,2,8.27701302760979,23.223921539772522,33.37622418974911,,Monthly,Bank Transfer,Android,0
38,62314.15446462938,15,114.81653810433772,1,10.0,8.462554615977563,39.148119440205576,West,Monthly,Card,Android,0
59,18000.0,84,91.25997696891949,1,5.691029197132984,8.682203086805524,6.8483476785041955,East,Two Year,UPI,Android,0
37,52942.3954686139,65,107.83451649418959,3,10.0,18.061818856175144,21.682143794316577,East,Annual,,Android,0
20,92101.25295436467,87,76.343416592308,0,7.819521451385337,18.93391668680502,21.611211264414152,East,Annual,Wallet,Android,0
65,77167.68931455539,54,84.7489711684333,3,7.228667948790809,20.660219850360058,18.13650488218977,South,Two Year,Card,Android,0
30,70476.09917085065,11,65.15126822608542,3,7.8802105149529105,14.923322915280204,30.829545665260945,South,Monthly,UPI,iOS,1
23,87190.70383100645,86,112.12194847900778,2,7.8638950482439265,24.441025822917595,24.311989142671514,South,Monthly,UPI,Android,0
50,75657.97566346529,44,64.19760006497943,0,10.0,11.967297009165012,39.32925577998501,North,Monthly,Card,Android,1
30,91789.954123925,66,129.55469034813558,0,8.084375244096933,22.38651047489509,31.902397683664923,East,Two Year,Card,iOS,0
62,85227.32088623368,37,75.52497495040527,3,8.11988219093965,19.498844750676877,34.28232194009941,South,Two Year,UPI,iOS,0
41,98477.40996021309,47,85.61525692049003,3,6.483450306063675,22.204543599399727,11.207522020123895,North,Monthly,Card,iOS,1
18,72893.51384593759,47,107.76184061963002,6,8.626431131989488,26.27398636347877,14.745226683846525,South,Monthly,UPI,iOS,0
67,84915.706832867,28,85.71593263568747,3,5.573360144840924,14.81267358426583,15.48677690617204,West,Annual,Card,Android,1
44,58243.20439211272,53,76.06275057144069,2,7.38530678228531,13.372457277264001,33.90806922025405,,Monthly,Card,iOS,1
31,51767.862145701874,70,84.09929656574586,3,10.0,6.181243706938917,13.295413424813722,South,Two Year,Bank Transfer,iOS,0
53,102548.88808921742,2,111.81455060672752,5,2.9428771366013047,3.866985328540146,13.558590857103143,North,Monthly,Card,Android,1
45,69756.50287909913,13,65.11443333589884,2,7.596349893770268,16.768180893513655,11.907801243395,North,Two Year,Card,Android,1
19,82707.37244897234,81,81.21288978180206,1,7.661758965494125,17.247339833912704,46.77724496990878,West,Annual,Card,Web,0
57,,55,85.30860182012427,2,6.812248627771756,10.397418132393213,20.719912813004886,North,Monthly,Card,Android,0
38,52096.655679760785,93,110.9375558658297,2,6.852317256185367,11.902302100920908,26.768992149031575,South,Annual,UPI,Android,0
54,65241.62363681283,58,82.0046387838569,1,7.355396614374522,28.6641770010715,11.734444138043179,West,Annual,Bank Transfer,Android,0
64,96591.86839088971,63,139.24897283481167,3,6.771594431710297,24.13087846211969,30.633325599279807,South,Monthly,UPI,Web,0
49,77215.28163414732,86,80.30384266854715,0,7.577365538995707,9.168751876948637,6.037000372817618,East,Monthly,Card,iOS,0
52,27347.590485929897,63,77.8694908478416,0,6.3710618001112715,14.903563642167665,13.188975293196009,East,Two Year,Card,Web,0
31,60264.6219553246,32,79.86903635146805,3,10.0,20.84201884159482,15.417634904752003,North,Annual,Bank Transfer,Web,0
30,104210.46343950366,51,45.500757140259694,4,6.771576636394503,13.614842829476212,23.969843846574467,South,Annual,Card,iOS,0
39,60296.469039300966,23,53.89819459723945,3,8.168339392962018,12.339132792161973,14.862259173215264,South,Monthly,Card,Android,1
62,25389.468781848023,32,69.07999330782721,3,6.062638630266532,15.632279513522278,35.715982909861005,North,Annual,Card,Android,1
45,106647.07547929595,65,119.07489546550389,3,8.78634315168195,25.634626197327318,26.52900883983782,North,Annual,Bank Transfer,Web,0
36,80012.63521588144,15,84.0062182191397,1,8.44689523849727,26.269809117631176,15.79356916524145,East,Monthly,Bank Transfer,Web,0
58,63459.71710611839,64,70.4606743115288,4,7.91274240210469,12.85187227545411,30.978553693616504,North,Monthly,Card,Web,0
62,56828.80980619449,56,121.79604236819786,3,5.453529894428517,21.223857662440178,18.46043885854248,North,Monthly,Card,Web,1
64,88811.74245541818,30,131.53531398676782,7,5.9209148310420145,17.955117729855747,16.68607026483899,East,Annual,Bank Transfer,iOS,0
33,53076.36519502377,5,122.66147382723281,1,10.0,10.942351552597646,30.062340827457646,South,Monthly,Card,iOS,0
54,90261.64133935174,67,59.40730008294527,3,5.902094696891845,15.920478407249696,3.0,East,Two Year,UPI,iOS,0
48,76928.29628593364,79,70.14254139419033,3,8.289533689361258,9.150360684016524,28.613353600558384,North,Monthly,Bank Transfer,iOS,0
41,70383.0023607217,70,139.41208210944157,1,5.594058738691786,26.14138666007167,15.582146852077074,East,Two Year,Card,Android,1
38,68201.3257173831,40,92.23419076000066,0,8.914251500523008,28.867304298587122,15.568534267128655,West,Monthly,Card,Android,0
23,61150.70319228808,63,76.97118805311764,1,6.033124492254446,15.125988428981367,39.6232324143045,South,Annual,UPI,Android,1
32,88004.08264460386,40,106.55043883992512,2,5.562580591182,13.456444812189808,17.219085054071712,West,Annual,UPI,Android,0
46,45962.45769375965,35,115.21897202074337,4,5.989017789615268,25.38216106354003,30.603231694861524,South,Annual,UPI,Android,1
64,29317.647209735398,32,67.85651287215207,5,6.258535585676261,26.513042586860124,24.513202562485212,North,Two Year,UPI,iOS,1
63,78517.68270363445,21,91.58319875859794,2,7.887944703371174,10.199120186752392,25.446919228146157,South,Monthly,UPI,iOS,1
27,78887.24321747725,93,112.79680207651175,0,7.317952300434232,16.96368731873145,19.745119679556264,South,Monthly,UPI,iOS,0
53,75565.30535525887,64,50.191385621204404,1,5.338234664148188,17.58743128490136,19.275560478913917,West,Monthly,Card,iOS,0
22,73970.02413159686,17,85.37036372278419,2,7.152490076542006,12.604566084415566,35.751895511457036,South,Annual,Card,Android,1
53,57948.11167657395,83,51.56831040847854,1,5.256047607605137,20.701871858612137,30.37414062809409,South,Annual,Card,Android,0
35,82324.61949648155,15,55.49258509219567,7,8.294047520501666,13.100382654412343,17.502871372590562,West,Monthly,UPI,iOS,0
41,63997.7212114001,57,68.10699767559088,3,8.605734928083091,14.218174782505374,12.587114733795145,South,Annual,Card,Android,0
55,54283.50166206608,16,99.31358613638412,1,7.159289524466085,17.290600891154714,16.739736399574014,East,Monthly,UPI,iOS,0
40,58138.391130381206,35,75.33932114085596,2,7.661810785087694,7.5765640244224866,30.833457430457067,South,Two Year,UPI,iOS,1
59,109454.0733730683,63,65.54745625094782,3,10.0,3.6048271101635017,32.60822597199767,West,Monthly,Wallet,Android,1
45,26830.52619500048,95,86.54663689974878,0,6.932074912933398,24.427906566468284,26.994492418143384,North,Two Year,UPI,Web,0
69,75995.33829450757,95,50.59111815200711,5,5.594761484913488,12.81773837621707,7.449061619124244,East,Annual,Bank Transfer,Android,0
51,28059.57059227822,86,97.8640965350173,2,8.184631901094244,32.944048581175274,28.784011724758425,East,Two Year,Card,iOS,1
33,62618.86655689459,23,118.94160285874929,1,5.274488598198914,31.802865475585627,33.73220383242613,West,Annual,Bank Transfer,Web,1
58,55460.19532660787,9,82.62387877035965,1,6.842032762435998,14.454649647966612,23.562008911102335,West,Monthly,UPI,iOS,0
39,19129.37747304269,87,78.92053020099375,2,6.181716921658021,34.37337096907839,39.818227500415006,West,Annual,Bank Transfer,iOS,0
45,73558.82698954278,88,96.20321059646709,1,6.006906283544921,24.563021705713034,10.111264096819982,North,Monthly,Wallet,iOS,1
25,56639.16263177169,27,24.145917435053654,1,6.774851087404332,13.482803379398465,28.163267684022777,South,Monthly,Card,Android,1
24,18817.460463652635,2,101.10452369793602,1,8.72981525456394,1.0,12.818007773833,West,Monthly,Wallet,iOS,1
47,83470.49799703354,62,178.0565741123459,2,9.079636940151117,22.817085963202285,31.52687717617374,East,Two Year,UPI,iOS,0
27,96570.13591575657,8,81.31971336655839,3,,18.219071124168018,27.515747701669248,West,Annual,Bank Transfer,Android,0
69,97782.73553052457,4,81.42624898851008,5,7.771801951518304,21.019531100205892,38.21220235086456,West,Monthly,UPI,Android,0
62,72897.04169433237,90,107.3082100029905,7,6.7618818456409855,16.398146764468855,26.497377316374013,South,Two Year,Card,Web,0
54,66013.27904869654,48,134.35998004593887,2,3.1916975078200727,9.99300148580795,18.3639458374563,North,Monthly,Bank Transfer,Android,1
56,94219.44565970753,11,114.24903533302405,2,7.825023688571367,15.010813349051785,17.580368088210754,South,Monthly,Card,Web,1
48,102012.43887748217,63,20.33179364249348,4,3.325136067909892,22.946461001615276,19.748404830885153,East,Monthly,UPI,Android,1
21,89938.51146326374,36,101.9019651298824,6,3.930275629995878,15.519372428380523,17.403483628967333,South,Monthly,Card,Android,1
38,44286.17275094437,51,162.15790435725023,2,6.92516498516219,15.477074998601749,34.12398073762557,North,Annual,Card,iOS,0
43,69429.58677072829,86,103.67323140278395,1,7.649781315871846,7.364290383596478,33.4807444908555,East,Monthly,Bank Transfer,iOS,1
65,74669.35517441142,23,50.36194260184752,1,6.433155663490258,18.638403372447925,8.530892995518844,North,Monthly,Bank Transfer,iOS,1
29,25188.42668382096,62,93.45488873255842,2,9.810402952609746,10.216476409587294,22.34524128774382,South,Monthly,Bank Transfer,Android,0
43,75325.93451165703,79,46.57938245976799,2,7.9855728177814616,24.429683397886787,22.562423651201314,South,Two Year,Bank Transfer,iOS,0
35,115005.82017154657,41,121.98411067806579,4,6.776006558448062,12.861293698388728,14.968342463794176,South,Annual,UPI,iOS,1
24,79078.59564761742,93,56.32352235916224,2,9.556726906809052,15.9300713665297,25.944249928664593,North,Monthly,Wallet,Android,0
23,97415.08779171863,43,87.22730904076069,2,9.860692690858954,33.147884960210604,35.14765754045202,East,Annual,UPI,iOS,0
36,69024.12406283151,44,59.266599940244575,1,8.071349778906937,15.853980441095885,30.026280855579394,West,Monthly,UPI,Android,1
22,63389.196872355926,84,68.60655827356027,2,5.882061978412256,14.915976287068467,34.12361550047804,East,Two Year,Bank Transfer,Android,0
21,73387.97058178147,61,129.58451937581486,2,6.2645402672630555,22.099353901292517,15.533789372179065,West,Monthly,Bank Transfer,Android,1
36,47051.81374434248,83,88.10371494681092,2,4.740544187911327,5.503167384420429,22.32856995490002,South,Monthly,Bank Transfer,Android,1
28,43796.94588084345,76,68.2239257882284,1,7.127891304339128,26.75566525244968,15.109170886604687,North,Monthly,UPI,iOS,1
46,92858.70025772604,68,50.643160873398315,2,5.414929549544295,24.957580304189165,24.154870635225095,North,Monthly,UPI,Web,0
18,95191.53154306341,23,28.848955408016913,2,6.6405728923659195,21.67116221412308,24.965058181965226,East,Monthly,UPI,Android,1
33,,38,47.4615809943194,1,7.643020515193774,1.0,30.638542048608162,North,Annual,Bank Transfer,Android,0
41,86295.97370018502,83,88.35877724333133,1,3.8276953085933036,16.184118110669562,33.82142668462261,West,Monthly,UPI,Web,1
68,63086.88053666754,59,114.4070130616799,3,5.051639843513897,9.089936417962669,28.20079447551186,East,Monthly,Card,Android,1
50,72475.78863878947,27,68.18945522733397,2,6.338358306779947,25.86874748771678,14.25847123443207,West,Annual,Card,Android,0
63,75124.8100675714,32,132.11630802157043,2,7.110703473170607,25.36792761079208,9.830445571082038,South,Annual,UPI,iOS,0
35,86875.71029873501,74,63.474987333153194,3,6.360385640445217,20.716069228815414,26.680180276347976,East,Two Year,Card,Android,0
41,66819.80044099016,17,77.85964831360363,1,6.740119516643159,9.57822162001991,35.504689979750914,South,Monthly,UPI,iOS,0
39,96023.56389664259,11,52.61269838988244,2,5.999481766586553,28.460059473674512,21.776873106385818,East,Two Year,Card,Web,0
64,71807.08247471835,73,114.72285203703568,3,4.736020268925335,16.164172026863586,8.253457940802829,West,Annual,Card,iOS,1
67,78732.05399432972,28,147.92531842133704,1,6.290923678434113,30.63759746830396,40.76280361037213,North,Annual,Bank Transfer,iOS,1
68,46668.22298618058,73,32.14549117191407,1,6.837613507618482,19.85770946803854,26.404640951453,West,Monthly,UPI,Android,0
57,112490.49823550635,51,74.61513794095904,1,6.672336823869378,21.547656132416535,23.540273644442145,East,Monthly,Bank Transfer,Android,0
44,75336.14831050926,95,122.94339541150106,4,7.390053061953971,14.77786930806229,11.488259640942607,East,Monthly,Card,Web,0
46,80685.94335759219,50,41.59163435723196,2,7.912120769807835,27.848689044472664,22.145946006059074,North,Annual,Card,Web,1
68,29619.912153346086,83,102.0005172091326,4,8.358934585724338,22.25903719005526,28.18195745975998,North,Annual,Card,Web,0
32,46900.55549225978,81,121.64416600622712,1,6.122963579630636,28.10024184760235,26.527186484981925,North,Monthly,Card,Android,1
36,92233.44113421207,21,87.34686443070511,2,4.521145433336366,19.24278838982928,15.881015846628106,East,Monthly,Card,Web,1
64,71311.6046024373,95,101.50789212820398,3,9.361713821738633,17.670729385209402,21.486412453382506,North,Two Year,UPI,Android,0
38,22896.845833763626,71,137.82707158382823,2,7.85525805653885,22.165911140291676,16.455939681669108,West,Monthly,Card,iOS,1
30,87842.37843764402,11,143.4527966230344,2,5.577074003004305,28.09778356363846,36.97745424606754,West,Annual,Bank Transfer,iOS,0
47,53036.778304240084,1,83.14098360896551,1,7.672098596037117,25.117140150674203,30.053865807725014,North,Two Year,UPI,Android,1
34,96048.97368928767,26,69.028664521023,3,9.01559104655581,18.96756665007991,17.28098618260323,East,Monthly,Card,iOS,0
64,63067.61507071861,2,57.4005966677891,1,10.0,4.9994704466047,11.483773070304675,South,Annual,Bank Transfer,iOS,1
65,69503.54709245166,34,114.30892451286138,0,7.626037469468143,23.672702275599264,24.500335740081354,South,Annual,UPI,Web,1
33,90937.00072901626,95,43.84673326627095,3,,7.9290664178220585,17.564643492544498,North,Monthly,Card,Android,0
45,45255.15464119743,46,77.42277886026393,3,5.143676477064969,18.245040293066367,18.23524002667655,West,Monthly,UPI,Android,1
69,43157.37022765333,3,88.08069312863398,4,7.13896532228565,17.189636688405976,11.783072797956018,West,Two Year,UPI,iOS,1
56,60677.03475124164,47,69.90992461843737,2,6.630478496264257,8.075620618540707,12.89732147930432,North,Monthly,UPI,Android,1
29,83197.80159166688,21,93.39460795057371,2,7.782368747897157,20.60752162911683,23.464031373044723,South,Monthly,Wallet,Android,1
48,35720.70044250321,82,161.93539954878275,1,9.939029690241576,33.08022418145094,19.598093969421793,South,Monthly,Card,Android,0
50,,9,81.35204228960373,4,7.624811970274739,15.811761281740562,44.468629474186244,South,Annual,UPI,Android,0
51,83121.86039496343,74,71.93783117717831,3,5.60592574324631,23.36115763689191,27.348280894010315,North,Monthly,Bank Transfer,iOS,0
19,51734.47712352592,43,115.45995473145558,4,5.052154414197402,34.48982887119476,11.63474336729188,West,Monthly,UPI,Web,0
33,56371.02771575377,2,92.18750932436566,0,9.997826106681696,24.038292533062116,8.179273812845981,West,Monthly,Wallet,Web,1
62,24150.17115731635,64,128.1800731363413,2,8.073448801054896,13.486096846395903,25.5835424979229,South,Monthly,Bank Transfer,iOS,1
30,50062.45508425639,44,89.94062859459156,2,7.961738289857597,19.659103572859237,18.42819614745685,West,Annual,UPI,Android,1
33,64833.519474114684,74,77.547303760869,2,6.61565663945111,21.365461281765207,33.9832745455419,East,Two Year,UPI,iOS,0
34,85468.31286770363,59,31.488253357163337,2,7.655365033935333,28.036691932917734,24.536774546139455,East,Monthly,UPI,iOS,0
27,48032.936342837944,75,36.4079591856478,2,5.522168159584423,26.4983523844666,4.157317212751,West,Annual,Card,iOS,1
26,101462.27464511493,44,29.929039287186917,3,7.858237204696208,1.0,12.825181314242215,South,Annual,UPI,iOS,1
36,49939.76746804439,1,96.38017498852719,1,5.202720767824153,12.006568134626765,15.922461495935842,East,Annual,Card,iOS,1
63,49971.98036512616,13,44.13251560397621,3,6.58920964345281,17.50981294170479,25.978332445314148,South,Annual,UPI,Android,0
18,98821.86614175164,44,122.66732097758148,2,6.10708164727901,10.892990562236132,12.525228131361285,East,Monthly,UPI,Web,1
32,69652.12335200618,38,85.90739694567861,1,1.6624750074668233,1.0,23.375358345627188,North,Annual,Wallet,iOS,1
21,52855.45596174531,76,77.67439242694994,2,6.610493334893208,12.920670585745258,9.974651609088276,North,Annual,Card,Android,0
47,61587.07111402694,40,59.68434774386986,4,5.671927078413022,17.97472574758637,22.055668770806083,South,Annual,UPI,Web,0
31,94767.6187059253,82,103.66776244810619,1,6.8423371973856675,14.323007220319926,25.33023386003392,,Monthly,Card,Android,0
59,97256.462031765,18,60.86506541372766,2,7.202928760819153,11.021397214465615,35.15359285622164,North,Monthly,UPI,Android,1
48,47030.55005605437,37,55.438659877903575,4,10.0,18.290252373493804,24.210178812446497,North,Monthly,Card,iOS,0
58,64066.45617825962,72,120.65049761816047,5,7.718005295167766,20.401617226764913,14.649385681742954,West,Monthly,UPI,iOS,0
51,66983.45020868661,12,95.63863482325068,1,7.767991476072015,14.719820202241696,35.43704578262343,East,Monthly,UPI,Android,1
40,43302.71756863485,31,77.95211715255184,0,8.042543519872716,27.602206757315706,20.351397674129814,South,Monthly,Card,Android,0
62,63774.92884170012,72,104.2429895420115,2,8.682074470809914,18.404000911156334,28.96210091291302,West,Monthly,UPI,Android,0
42,65117.10292993741,56,85.26795619332096,1,7.972275071552681,11.899404312555838,16.4839380594687,West,Monthly,Card,Android,0
67,90084.60853660818,74,96.49039451355051,4,7.678912141521002,10.12823874355116,22.817004339031726,North,Two Year,Card,iOS,0
69,91563.35062284642,49,60.49456292873635,2,8.409119761557344,16.509211377189366,14.788588588798493,East,Annual,Wallet,Android,0
48,57757.39323610182,82,147.11195826731867,1,3.0747214845871236,25.793944574762186,24.900339598142878,South,Monthly,Card,iOS,0
53,60293.03083506214,84,67.61140096971324,1,10.0,12.234179035998064,29.234452856472558,East,Annual,Card,iOS,0
31,79614.43064522398,93,131.68048980849932,1,9.902540736012778,22.171156387976907,17.54680652027902,East,Monthly,Wallet,iOS,0
60,52125.85412360575,12,79.33393452086571,0,7.569130778160793,18.66189837010019,17.040928725519933,,Monthly,Card,Web,0
52,77950.08333822286,57,109.21291346964887,3,4.797889034305097,31.952630786532737,25.21136396617566,South,Annual,Card,Android,0
64,63066.05727787728,11,107.0267049707841,3,9.257595735238006,20.73176024562399,14.5748562701819,South,Monthly,UPI,Android,0
31,43673.23128975034,22,119.40555265450138,4,6.020409951589992,13.112416324018984,8.338506813980636,East,Annual,UPI,Android,0
58,43949.59231664777,29,59.78128878507566,2,8.10752972817739,23.154586701352805,25.17876776561112,North,Monthly,UPI,Android,0
42,96835.29131268425,62,117.26906203836586,4,5.019060476964707,23.39015393627179,21.030725410420594,West,Monthly,UPI,iOS,1
27,61558.72745884743,41,140.3931955273432,1,10.0,15.220922913929298,20.840265477034794,East,Monthly,Wallet,Android,1
26,101087.79006576285,83,77.23921062274428,1,4.748231504415346,9.85203006968993,26.689633731231154,North,Monthly,Card,iOS,0
47,53700.00226427198,29,86.04118201426367,1,7.317276319538053,21.752246338585994,27.946753171873702,West,Annual,UPI,Web,0
34,71406.51442489286,59,69.29660072559537,1,3.5922817353304626,18.444606237355014,20.55098297571521,North,Monthly,Wallet,Android,1
23,117638.88790640132,73,74.606912434447,1,7.129921831266253,7.384149357837124,11.89597535239043,East,Monthly,Card,Android,1
40,41737.49161740785,94,136.34268396797472,2,6.477015151264931,19.78164699293429,16.252718771459687,South,Monthly,Wallet,iOS,0
51,23248.08100220491,24,54.87296421609388,6,9.133211769640143,13.541049713851557,27.264675374188503,North,Annual,Wallet,iOS,0
34,93304.98288831912,70,56.73643534447684,1,6.476854966293829,7.3907857069626335,23.227623971004835,North,Annual,Wallet,Android,1
67,46810.19968135238,9,133.3270280924313,2,9.135660090838762,15.535185596281888,17.052165708182677,North,Annual,Card,iOS,1
58,64544.45998966286,52,103.73645277665088,3,5.45899503509926,26.980431139448044,14.940521627483886,East,Annual,UPI,Android,0
44,52109.799370065135,40,148.61110747127572,3,6.7206652748239355,26.4564305006164,27.560405292303344,East,Two Year,Bank Transfer,iOS,0
66,70899.58118101695,92,71.48684086522441,4,6.75474943353514,24.62726471405157,20.005128349941504,North,Monthly,Card,iOS,1
40,44088.203441913676,74,88.78843411712708,1,8.042500034575959,19.884630230644863,28.774451008949228,North,Annual,UPI,Android,0
25,61041.31806656726,89,65.17969168684587,5,7.826236524891996,22.170580423485696,29.91402217694705,West,Monthly,Card,Android,0
19,74895.93718424375,81,89.29903505943088,0,8.427782763369715,18.69051207034601,19.18444224743334,North,Monthly,Card,iOS,0
66,42817.20450196623,40,31.777099081470887,5,7.653612025592557,10.26464421649872,30.546827363524887,South,Annual,Bank Transfer,iOS,0
67,49598.151347790445,70,105.54863669965025,2,8.324235205242296,11.661486708032957,23.245687790157398,East,Two Year,Wallet,Web,0
56,57357.5776608323,3,94.70422250477014,5,5.673631321221665,13.74973352109607,24.409824138256358,North,Annual,Card,iOS,0
23,33566.06044702188,53,83.27336012602244,1,7.860957733698099,27.809513536454308,3.0,West,Monthly,Card,iOS,1
33,55703.65837842758,5,73.28907026201006,1,9.93395007665766,25.53683511784311,13.261708315088908,North,Annual,UPI,iOS,0
20,67613.52387786384,69,58.157380378957015,0,4.344012295441085,10.440857056712222,13.749750725103038,West,Monthly,,iOS,1
20,56209.923285054574,92,106.83138736098283,0,8.031313523447178,18.373737807913397,19.132107498367873,South,Annual,UPI,Android,0
30,59029.71715550206,65,49.867300428897806,2,8.3505256224948,15.181750000730908,23.029159068884002,North,Monthly,Bank Transfer,Android,0
47,64562.163240055124,80,100.35687736147729,2,9.684016841701862,16.914296224895214,23.397252925368765,South,Monthly,,iOS,0
21,50573.64382648909,23,147.2335418442837,2,8.434279786593356,14.247700267334412,24.57172252112127,West,Monthly,Bank Transfer,Android,0
69,80203.3764490713,95,129.56564465932894,1,7.370537101669805,27.839841359643945,15.835498678604463,South,Two Year,Card,Android,1
41,96591.51874563907,53,39.846161719880406,1,7.931124432367065,17.86765424188455,28.222266673973543,North,Monthly,Card,Android,1
31,54783.63137170013,65,68.89785818970091,0,5.950435681245722,19.513097632208915,38.28359599196432,West,Monthly,Bank Transfer,Web,1
44,75674.36109250956,74,97.64352221666013,2,6.540454276991833,19.56980744293326,18.82007601295786,North,Monthly,Card,iOS,0
59,59728.422580437764,61,82.8915423395695,1,4.929305172506609,10.80560877527286,16.026986493097162,North,Monthly,Card,Web,1
34,73040.7215908471,31,43.017828451527365,4,9.72795017438518,18.75987588488369,15.832013584802143,North,Monthly,UPI,Web,1
20,99447.14968647159,59,96.55947854420474,1,7.9652674422164385,25.43621775250789,22.769210438774426,West,Annual,Card,iOS,1
20,76190.50994639818,63,84.69949314651102,4,5.642608817448156,28.30883689836494,17.268132013482962,North,Monthly,UPI,iOS,0
62,25984.880146187024,82,142.42976225811344,4,7.661306836526394,9.965295225963901,6.42704428225111,North,Monthly,Bank Transfer,iOS,1
23,74987.90389183309,46,77.4031389214766,2,9.170891106990366,7.369791338278899,8.889233147934952,West,Monthly,Card,iOS,1
51,92123.00235279821,48,120.04010155979773,3,8.887746953272453,18.434942060290652,31.181711255207,East,Monthly,UPI,Web,0
37,60124.88426004174,48,46.98734790610073,1,5.623014357617118,25.76431303014524,33.536146361110376,South,Annual,Card,Web,0
58,86903.96573459232,11,54.159721063104755,1,1.8724740130047692,20.517175179985816,36.399006291621774,East,Monthly,Bank Transfer,iOS,1
21,49817.45809465719,9,106.6498587942847,3,7.872156344323846,22.762072532558637,24.03673994901439,North,Annual,Card,iOS,1
64,32318.138490509977,2,117.51192341822124,3,5.692321625875004,8.478256853654342,13.081850428415697,South,Monthly,Bank Transfer,iOS,1
54,68105.71841431808,64,56.27821821776823,2,8.257956760166852,13.996087610110038,18.057854657585363,South,Monthly,Card,Android,1
41,26357.512143581087,40,85.72232219451735,3,8.81545966017161,2.627213859449686,8.577511285181366,East,Monthly,Bank Transfer,Android,1
28,59725.03771634098,83,43.55262479412767,3,9.09317628897775,17.00258365527829,8.230972094122231,West,Annual,Bank Transfer,Android,0
68,93310.52977820106,67,79.56340521083561,1,10.0,2.850463914097098,24.29736439506454,South,Monthly,,Android,0
33,22985.216073581825,14,110.10768356872379,2,9.301806760731417,27.328631912883345,26.851103944663166,North,Annual,Bank Transfer,iOS,0
43,36851.07048989425,10,71.95124502591565,1,10.0,28.883750275362544,39.62536200153619,South,Annual,Card,Android,0
38,42295.2906064453,35,77.52895882168592,2,9.544402583500062,18.98450444443236,21.252157814326036,West,Monthly,UPI,Web,0
29,63606.96308635888,88,51.10613805111845,3,9.692569875837684,7.411988246254488,9.779486702749589,West,Monthly,Card,Android,0
39,56954.2307157834,5,65.54924759125223,1,7.130524163193787,20.629988577392236,20.902716546204708,West,Monthly,Card,Android,0
25,95781.00039731392,18,137.74332748643016,3,5.008145066904959,31.01392790922659,19.45786720797939,West,Monthly,UPI,iOS,0
18,85995.66324001734,3,87.18774675151398,1,10.0,21.33014849780849,17.578914908813978,West,Monthly,UPI,Android,1
33,75896.00481350915,40,54.93076700048206,3,7.307019989867235,26.294887933436442,25.093746107273873,West,Annual,UPI,Android,0
23,68203.86691556546,95,75.55684150246026,2,9.288803708756198,14.603842818126461,11.069747238045752,East,Annual,Wallet,Android,0
39,73651.0550936662,65,37.07717136500314,4,6.264532787258823,11.901529665166315,23.176492895433654,North,Annual,Bank Transfer,iOS,0
62,,47,54.575209235793636,2,8.838668152327587,17.503965935861455,27.864069391475308,East,Monthly,UPI,Android,1
26,83858.62777824547,14,125.8101921713936,2,3.043562347432059,4.513062515414891,34.777639932087666,North,Monthly,UPI,iOS,1
18,40535.026404097574,34,80.72552726840185,1,6.5022462352983785,33.84861992919761,24.79338264132345,North,Annual,UPI,Android,0
23,83378.29386584907,50,141.72190528303616,4,7.03270115823311,18.977550325363453,31.38808405467349,South,Monthly,UPI,Android,0
44,91095.13504661428,27,82.13956484511833,3,7.9864349061188165,24.067410680569054,18.004935637245147,South,Annual,Card,Android,0
32,69639.02124593791,67,83.92063911425512,1,9.022441950221884,14.769440301226554,19.26138753328697,East,Annual,UPI,Android,0
43,61123.312702836534,94,104.22682475626371,1,5.339957033228464,7.198395410991985,34.130623370940775,South,Monthly,UPI,iOS,0
19,73806.81798281282,20,20.0,0,8.321945921164346,27.98070381476613,9.655740175325658,North,Monthly,Card,Android,1
35,18000.0,24,91.14817970960725,4,9.28533386028246,10.131298031063576,18.37173727978966,West,Annual,Card,iOS,1
39,71649.68080668015,12,83.53040535817145,3,10.0,20.441871344984694,32.156016760533696,East,Annual,Card,Web,0
40,62506.21204752425,69,129.58116680545442,1,8.401267572523807,21.101593679236167,20.099994567227405,North,Monthly,Card,Android,0
46,63886.181512746196,44,113.94038182490851,3,6.418839831481923,18.517659125752186,19.42958171315871,South,Monthly,Card,Web,1
58,80543.7152837522,27,50.98924943359598,1,5.038000082915957,12.50791034672461,19.61201095090139,North,Monthly,Bank Transfer,iOS,1
42,63355.08372557599,21,122.2641585588274,0,10.0,16.952574340816383,23.05436597362521,West,Annual,UPI,iOS,0
61,39915.44915367452,7,77.13056423257015,1,8.453481290508002,11.349644217703338,31.774754577273168,North,Monthly,Card,Web,0
45,61889.14124184168,46,57.86640321111865,1,7.162641426313593,23.664243847912566,30.318083664908926,,Two Year,Wallet,Android,0
31,66486.22064977814,65,90.91309752613607,4,4.44630889982291,22.0008284924875,22.103115173490647,South,Two Year,UPI,iOS,1
29,67528.54605478229,23,78.91691933008545,3,5.6169872834733106,17.85018296831472,31.831497107417164,West,Two Year,Card,iOS,0
34,68562.2260802715,1,131.1539594208557,7,8.273244490915692,14.021539698134788,25.076136669967624,North,Monthly,Bank Transfer,iOS,1
49,87866.11898820818,45,95.2186608547363,1,7.80151614101403,32.75122529847412,29.732081510387484,South,Monthly,Bank Transfer,Android,0
30,41107.23983324875,65,91.16976762658017,2,3.891236349757029,8.885552096926647,12.744674733163018,South,Two Year,UPI,Android,1
65,68865.4100356267,33,112.0194124856632,2,8.275441346053109,7.187708321974105,37.64697460089757,South,Annual,Card,Web,0
42,93378.4533696013,24,117.78614854278136,1,4.5336580380260685,17.42595813560384,23.981917487308856,West,Monthly,Bank Transfer,iOS,1
62,26838.547067381704,15,108.50815282891898,4,9.501815416623842,16.193668714003653,3.0,East,Two Year,Card,Android,0
53,68952.22697716118,71,127.58390418444861,1,7.554545055338427,25.683077183280673,36.935744561224205,,Annual,UPI,Android,1
35,52121.67295659304,82,103.26047238741366,3,6.41218353712619,22.522815184626705,22.04549438089596,West,Annual,Bank Transfer,iOS,0
29,56844.37154159169,74,90.02954394180105,0,8.883262376488144,18.206679108874276,18.440554349637463,North,Two Year,Bank Transfer,Android,0
56,45094.23492928271,50,122.17516186264088,4,7.800948790357834,21.50236447973631,16.54885241331521,West,Two Year,UPI,Android,0
35,61269.88425459023,69,82.27311579753584,1,9.452376934458531,21.375160237747608,25.955516816809315,South,Annual,Card,Web,0
30,105507.6235173919,38,85.99739549033984,1,7.336808542762265,32.72489704127366,14.004499729564397,North,Monthly,Card,Android,0
66,37182.5320541013,3,136.64730751890744,3,7.435992922889714,19.773543733468042,16.80784183596341,South,Annual,Bank Transfer,Android,0
43,39268.5799454658,35,133.65772383865692,5,6.7150742645835555,13.23246007124354,17.024097065694807,North,Annual,Bank Transfer,iOS,1
20,36357.4394564029,67,84.75472579230032,2,7.6470441427041775,19.389507698797477,19.369776606679864,West,Annual,Bank Transfer,Android,0
43,103003.20230581822,62,71.3934526808315,2,10.0,1.0,17.363125752413254,South,Monthly,Card,Android,0
41,54828.52647853168,95,128.89520500625497,0,6.345300910896226,17.771467210057462,29.67532718489376,North,Annual,Wallet,iOS,0
62,64435.940672351164,95,109.01255073745642,3,8.301523753862082,25.650877297741918,24.439560743179296,West,Annual,Card,iOS,0
55,56138.77529566272,24,94.4674376259209,1,5.703245908886483,22.215288832092952,25.53733064509855,North,Two Year,Card,Android,1
27,44222.696675131985,1,75.34381869430166,2,3.6865553999466365,20.089892305519722,27.49541992165559,North,Two Year,Bank Transfer,iOS,0
25,59826.68577448242,27,94.95089736143782,0,7.552679858629186,22.54467408899346,21.16215156850869,East,Monthly,UPI,Web,0
49,119081.35932620431,84,84.34874620336892,5,7.829689219898019,25.722795814144014,12.817216037885593,North,Annual,UPI,iOS,0
20,95625.56026143361,78,65.06985461281013,2,7.012912841947777,27.976633851087314,38.246552314391934,West,Annual,UPI,iOS,0
34,,10,88.87126985761705,3,4.656825549687198,21.13219130202621,30.347811891664712,East,Annual,Bank Transfer,Web,1
25,79246.63026735709,16,92.96272136918823,2,7.717311826890756,15.78721995841116,36.515443125420255,North,Monthly,Card,Android,0
19,46706.49900133972,54,73.73814799239307,0,7.652733178037058,1.8053460660815688,31.310845788653044,South,Annual,Card,iOS,0
65,25919.911945383144,63,112.11477065828552,2,5.689072927142625,24.847213989054104,17.856657365210665,South,Annual,UPI,Android,1
22,87429.24018862186,94,123.66497176932967,3,4.899064328495866,21.606417595227324,3.0,East,Monthly,Bank Transfer,Android,1
18,90522.04262615812,72,114.09693080966238,1,6.770940522899855,19.068616412610606,10.938132170250288,East,Two Year,Wallet,Web,0
66,88013.14952305378,21,76.71254844358016,1,8.309979719522207,13.183639533640338,27.72869842037413,West,Two Year,Card,Android,1
27,54662.9645171694,4,107.67464512565115,3,7.908313044046384,24.756064023383892,21.084268725971494,South,Annual,Bank Transfer,Android,1
60,61330.9338519563,61,87.33884192380121,4,5.702577103682067,16.199345019203076,18.221351269758298,West,Two Year,Card,Android,1
19,81494.8421804787,53,47.92762064302145,1,7.432772644537413,17.75904522267811,3.0,North,Monthly,Card,iOS,0
25,73612.91282165836,88,105.18188135493237,4,8.708114889308463,17.6080798758223,21.881854621801466,West,Two Year,Card,Web,0
23,56339.97563146503,55,89.38394922870845,0,5.206468294246415,21.148962027158486,12.263993047729286,North,Two Year,Card,Android,1
54,29380.41995740038,48,162.80644006207922,1,7.30736412567343,9.9595759227891,15.480556773106702,West,Annual,Card,Web,1
50,67505.25427112427,29,128.7181258983568,3,9.477389666290485,21.937863033351423,29.650936872074233,South,Monthly,Card,Android,0
42,88738.21206319449,9,106.33450470803572,1,5.032615336000374,12.953781502343809,12.737722413243912,North,Monthly,Card,Web,1
30,38653.05764124854,84,92.47511503864538,0,9.164394694784166,13.19937405170591,13.59679625164127,South,Monthly,Bank Transfer,Web,0
22,79052.7063968715,79,89.91166765174054,1,9.952618668948055,24.196680332904243,23.67022294669108,West,Annual,Card,Android,0
47,72293.91729294125,16,54.88931789100677,1,6.822250607209493,11.034800772331007,29.851258824519782,West,Annual,Bank Transfer,Web,1
29,81503.26179111135,67,32.83038318400268,2,6.616885347672323,24.18409680707326,18.375646941338832,East,Annual,Bank Transfer,Android,0
48,84183.46099381815,35,58.82322672755305,4,8.956260512333252,18.709567072962336,35.20493864520616,South,Annual,UPI,iOS,0
53,49721.76467764223,42,83.56848945488709,2,6.883578362449818,6.462062757909495,10.491977398673558,East,Monthly,Bank Transfer,Android,1
62,29426.893196371188,81,21.833821653730475,4,3.1996846088183437,27.551330961525498,8.91349959452432,North,Monthly,Card,Android,1
43,53262.57043497665,80,68.67034623181752,0,7.032049189027715,20.17177609084446,8.146426015432688,East,Annual,Card,Web,0
18,84560.80098559416,19,77.57160900626722,2,7.999686745930757,20.75888106122909,7.130346120306118,South,Monthly,Bank Transfer,iOS,1
32,53075.914122428636,30,78.53720339543626,4,8.458142551090196,25.050696174093314,25.028940686441047,West,Two Year,UPI,iOS,0
62,49731.04687513188,79,65.14829205435566,2,5.702930419921731,28.494545211929086,13.199896125497448,East,Two Year,UPI,Web,0
45,24930.292477657953,88,74.75458556855799,1,6.741338096896566,19.40718827351289,9.308268725357028,South,Monthly,Bank Transfer,Android,0
50,103558.24620012066,8,136.71681484371584,3,8.86074234905891,22.321011257472477,25.41817025622045,East,Annual,Bank Transfer,Android,0
41,83165.70011135683,80,104.86435844471809,3,7.098002343597327,20.59830151432198,29.415543224716455,,Two Year,UPI,Web,1
26,81937.71158804483,47,68.1909766930555,3,4.601145410266447,15.599926053088243,31.457725572238587,North,Two Year,Card,Android,0
64,86289.95850914842,57,82.9495663491411,2,9.30398461635464,6.915945879733989,29.877560182027967,North,Annual,Bank Transfer,Web,0
58,77687.58395395483,8,84.150599930432,3,6.836011261958683,19.50445441372946,13.737068805616696,South,Two Year,Wallet,Android,1
69,59624.76518605036,65,61.96133698779547,1,9.055071921208347,27.65256481451189,24.484818680047347,North,Annual,UPI,Android,0
62,61397.18970931156,65,61.92609346768436,3,4.827723617026866,22.083330743503595,26.47184419653182,East,Monthly,Bank Transfer,Android,0
33,55593.583978973256,63,115.31572060980139,4,6.994322529098556,10.528037663164907,17.726050794198166,East,Annual,UPI,Android,0
31,122964.29659713,76,72.40646867449551,5,8.0665512402513,25.682650539514338,23.482768935142435,South,Annual,Card,Android,0
30,77230.06468858774,90,52.15910838907386,5,7.051853735448321,15.833711037005617,10.735435930344853,West,Two Year,Wallet,Android,0
65,54796.39029026844,81,83.70578967791671,2,5.188889456054312,3.355818892534966,16.35159841515219,West,Monthly,UPI,Android,1
46,75240.92903165816,71,88.5402925938737,4,3.1424343783660253,25.125326706277647,25.346085750292744,North,Monthly,UPI,iOS,1
41,42760.883807161015,94,25.818873274184938,1,9.789550720155713,11.38233563134821,35.56788388912475,South,Annual,UPI,iOS,0
68,98099.147808963,65,83.77760926548422,2,7.621664943232252,30.46509861182537,32.36295651989656,West,Two Year,UPI,Android,0
49,50456.47989224292,64,111.03939803044781,3,9.183561789744935,26.034413804181927,27.94772629960887,North,Annual,Card,Android,0
65,76023.87951769425,52,98.536881565655,5,8.778737468912764,16.40540508435788,22.717300348972984,South,Monthly,UPI,Android,1
69,88451.50785434895,74,151.89385345584913,1,8.214639604403285,21.21551892028124,21.32292538322213,West,Two Year,Card,Android,1
22,73464.90797250984,7,122.53328446936537,4,6.653726496249985,34.96742995958573,8.971600415011133,West,Annual,Card,iOS,1
36,67078.33982003204,49,128.4680207425256,0,8.03260377358652,25.000049264858895,14.480441194994452,West,Two Year,Card,Android,0
56,65237.64586683233,41,169.0025780774298,1,9.635312808830232,19.667400173492126,14.77430630865678,West,Two Year,Card,Web,0
60,63758.29586848364,87,107.74468785323793,4,7.341118578065387,38.22407795944389,27.172833839865845,North,Monthly,Wallet,Android,1
25,52312.63324359495,7,89.89210623798103,1,10.0,18.82306707669542,30.50452994337244,East,Two Year,Card,Android,0
34,55111.364545066506,62,114.21220880293995,2,4.650982793006345,22.072703732151854,28.62916077573816,West,Monthly,Card,iOS,0
46,97550.98822032058,18,68.2229069981502,1,4.46825536085384,11.446507676585185,32.64399794262819,North,Two Year,Bank Transfer,Android,0
59,62612.19408092655,84,88.23058958484908,1,8.87972786468297,6.276967940835775,22.650317963738317,North,Monthly,Bank Transfer,Android,1
23,47712.48207357899,81,65.5681707076506,1,5.808137007914507,15.985383956361522,13.153628356655025,North,Annual,Bank Transfer,Android,0
49,53641.452869046814,23,96.93953672688644,2,10.0,18.26885659057963,21.550603932856685,East,Monthly,Wallet,iOS,1
33,89208.15497533891,83,65.4427273594054,3,9.473480331096004,20.30484509086901,15.476466186107684,East,Monthly,UPI,Web,0
29,79863.34592961853,48,64.39214500414847,4,9.89887156148867,8.06160267258027,27.92073992580487,West,Two Year,Bank Transfer,Android,0
44,77327.24192110966,93,97.40419879316514,1,8.703541719437126,22.624720254825633,18.768213372123462,South,Monthly,UPI,Web,0
39,59334.533623984586,70,80.86865677658298,3,5.6333078397605,12.187301331694261,21.11321544488992,East,Monthly,Card,iOS,0
51,77613.97434380479,4,27.174365928497593,2,4.379119279770174,22.261140515760903,28.242600067039753,North,Two Year,UPI,iOS,0
34,50841.655251085744,20,41.333292360637316,1,9.742000937621338,24.544485379905556,15.330151393675907,West,Monthly,Bank Transfer,Android,0
60,59288.49131039296,39,50.582005256156094,0,4.650734049779503,15.231436369631595,30.675789272400248,East,Annual,UPI,Web,1
22,86335.6987226184,21,58.51084281658077,2,9.894305669136784,11.253267474126805,9.871632832363478,East,Two Year,Bank Transfer,Android,0
62,84234.10893621942,13,97.43269988435915,2,8.338345092389904,28.805545221685396,24.758958711449427,South,Monthly,UPI,Android,0
19,43397.98338908233,93,91.56816541214907,1,7.070370488505827,24.110384660094372,21.181909024096534,North,Monthly,Bank Transfer,iOS,0
56,46178.41803601133,83,116.95838115097597,2,7.951481063370029,19.063834336931848,29.44607616781581,North,Annual,Card,Web,0
36,67391.44736189501,42,107.58405468825313,1,7.990994590263469,28.27899434575897,9.630634343224136,West,Annual,Card,Android,0
37,102974.91224272922,21,117.15708868547974,3,6.855902339401964,18.582832067828598,8.2228798948791,North,Monthly,UPI,Android,1
18,22857.566381682125,18,103.25188574377368,5,9.623668299362834,13.656449528637442,28.75039947275023,West,Annual,Card,Web,1
54,,87,91.29037927274469,4,9.565381463019207,10.98808554939068,18.481700726057312,South,Monthly,Wallet,Web,0
26,34727.04670539074,32,117.98055226862967,2,7.4646208130956,17.2454060525245,21.18278106608615,East,Monthly,Card,iOS,0
52,51044.718142437996,2,112.58238375220299,1,,23.402043345871153,16.062257551817755,South,Monthly,Card,Android,1
55,56982.57480258669,38,96.28286102661974,2,9.420121875487295,27.728314505754728,30.215293418445132,North,Two Year,UPI,Android,0
61,55748.8164443884,44,123.13215612580427,1,3.7616473537640074,18.164571512241324,24.69294589369035,East,Monthly,,Web,1
54,53256.48932749742,60,20.0,2,7.954617431919249,26.491874495549744,24.16597679251339,South,Monthly,UPI,Android,0
33,65158.55532828014,33,76.2861047757865,1,8.457277683955168,16.500113979485782,11.473415786426248,South,Two Year,Card,iOS,0
56,53224.37753412728,88,75.82628603044807,1,5.7918018808773795,12.52881386940902,26.51354997883962,East,Monthly,Card,iOS,0
60,32825.93753320864,62,119.58048632444711,0,8.855435328643999,8.85580736339728,13.070083731182686,South,Two Year,Bank Transfer,Web,0
34,82157.13147550108,94,132.14184990852308,1,7.155144035761735,14.456320263606937,16.073022750868528,East,Two Year,Card,iOS,0
24,81563.18767727537,35,41.49461889369212,1,6.2723097926864995,9.119398007852416,9.711871016933644,East,Monthly,UPI,Android,1
64,83549.83482049871,62,127.33501522447827,4,8.837479677428243,32.066581418331396,20.591126728740296,North,Monthly,Card,iOS,0
25,31103.8410821902,35,49.85664441921193,4,5.354336471213827,21.07507498416542,31.580259340605792,South,Monthly,UPI,Web,1
48,71576.19935685131,67,50.76354263317532,4,8.677628672158596,17.330696055849817,24.04025490246862,North,Monthly,UPI,Web,0
30,79871.53482775232,71,77.97142893017906,2,3.8300114365072653,30.05401233641902,18.02361184153147,North,Monthly,Card,Android,1
24,42313.55449432913,31,75.45380583602247,0,7.685697559443034,8.884128417199465,22.982316862910697,North,Monthly,Bank Transfer,Android,0
58,65201.811460006844,90,38.24748160849371,3,7.2745347255629405,17.040000148729792,22.932525749207954,East,Monthly,UPI,iOS,0
25,62442.13380317195,82,104.496339204777,2,6.282517196328207,31.99771654471303,22.59461815533843,North,Annual,Wallet,iOS,0
52,105527.3144885018,85,105.38207274179805,2,7.862362275411319,16.991716452927328,23.59600987233841,West,Monthly,Bank Transfer,Android,1
54,107338.91281427661,21,116.62124788491012,1,7.064730780074761,35.12769644883169,12.640050814494762,West,Monthly,UPI,Android,1
21,28384.159346735585,69,71.99634010666405,3,8.99298256641943,23.49923387609077,22.9588452402719,North,Monthly,Card,Android,1
26,119866.39412601577,11,83.81251855082654,3,8.15225668096584,27.14148136042563,6.202764676296498,East,Monthly,Bank Transfer,Android,1
59,44865.03413462687,11,84.08718505292072,0,7.969580195886399,27.344263764184095,27.180612475635805,North,Annual,UPI,Android,0
44,86574.81247520336,93,135.6398632440539,2,7.696164046052348,18.011217221736263,12.075257272806576,North,Annual,Bank Transfer,Web,0
24,,15,20.0,2,6.397317023870029,14.582518347830964,32.59838047143025,West,Monthly,UPI,iOS,1
69,43094.815009480255,83,56.2916695303269,0,6.686933965041315,17.191917760837107,3.0,South,Annual,Card,Android,1
31,75851.89146446018,41,85.16622528375393,1,7.621966928375512,11.091472476804611,37.06982448274043,North,Monthly,Bank Transfer,iOS,1
18,62634.257626146595,29,52.432892952534914,1,6.905288871917869,17.53825981739144,7.247013908998767,West,Two Year,Bank Transfer,Android,0
66,77195.2601019126,7,77.25038928186648,2,9.089469811736093,17.969157655285276,11.200588337765815,West,Monthly,Card,iOS,0
18,70074.79065237376,65,81.21773390890272,4,7.35886532222438,29.824644967234427,24.69151334146901,East,Annual,UPI,Web,0
46,91319.46867814544,69,65.26941673622593,4,7.839143233302723,22.15292997509234,27.56843485982122,East,Monthly,UPI,Android,1
69,66658.78994921337,45,86.93406778308018,1,4.815437312377547,34.53832290450811,19.449531161355544,West,Monthly,UPI,Web,1
48,61306.77047262115,77,103.8444783327344,0,8.803491462502642,2.8831913164923613,30.033454470320848,East,Annual,Bank Transfer,Android,0
48,89113.41312725797,31,77.91200664906994,2,6.212004890753616,9.480694099790401,14.831011725195463,South,Monthly,Card,iOS,1
38,77768.71122688928,53,71.40415798093792,0,5.427488910095587,15.512582706342435,18.40277247896163,West,Annual,Card,Web,1
24,81099.89467505954,28,80.02705250038383,4,9.998516215491371,28.447461248099437,19.28129851765866,South,Annual,Card,iOS,0
47,50379.09321031087,56,84.77690960063232,1,8.385956588135405,17.23295959801657,17.154437276395747,South,Monthly,Wallet,Android,1
64,42004.21880923357,13,32.79041303996734,4,8.861062722116017,7.725212150441241,4.592392830478989,North,Two Year,Card,Android,0
22,52510.11284844056,46,98.84661753883836,2,7.97264351094244,16.28412894695726,21.777996401423554,South,Monthly,UPI,Android,0
63,51341.92951502705,53,71.46996311659618,1,7.041643646963691,9.616812195715601,20.964935616675415,North,Two Year,Bank Transfer,Android,1
39,82296.38391036412,53,122.84605224433153,3,,8.244619622951362,31.703644873393042,North,Monthly,Bank Transfer,Android,1
45,86471.64910646914,43,102.73160426927424,1,8.524487315276339,31.991794723577296,10.426500258664952,South,Monthly,Card,Android,0
26,61587.13363028719,62,120.10199212658966,1,9.125282371805099,15.538737933235439,16.24533408337278,West,Monthly,Card,iOS,0
50,96480.21841413574,49,54.66988618855275,4,7.0840876285260626,19.212070039617593,32.831421029711905,North,Annual,Wallet,Android,0
27,95106.32666283286,27,73.85840076437721,1,10.0,17.349305569823393,24.63959975155917,South,Annual,UPI,Android,0
32,70354.77616081186,21,47.726245376277724,2,6.864558465491624,16.239530627740862,26.94441717540735,West,Annual,Card,iOS,1
55,46918.38102605312,62,63.84426373212022,1,4.830185643687047,12.115372773986564,26.08090261005578,South,Monthly,Card,Android,1
20,99658.28628758188,90,122.56316273525775,2,4.27341134031024,15.82555777079847,26.120844826910986,West,Monthly,Bank Transfer,iOS,1
41,63657.61827737502,72,129.62471733767484,4,4.330781874605145,20.360648349669027,38.38944995362914,East,Annual,Wallet,iOS,1
48,67775.63432148144,61,50.556001155866205,1,6.496519952626759,27.930447184447676,22.823865921822858,East,Two Year,UPI,iOS,0
24,57528.68943665549,88,71.2516699504815,3,6.805569364108269,24.63204945587852,12.89791050841535,North,Monthly,Card,iOS,0
33,45424.612821461655,86,82.71412983928153,3,,9.466531717814416,27.749177376051023,South,Two Year,Bank Transfer,iOS,0
35,32689.93253306358,49,102.56816925429344,3,7.151366340068589,24.919726927656235,16.901034931956026,East,Annual,Card,iOS,0
52,78923.10311826033,11,32.20569209390523,0,8.633730758878114,21.32806608069158,21.010567212235383,North,Annual,Bank Transfer,iOS,0
68,47765.17681427435,61,36.90999755414685,4,7.276317815458806,13.626952995705532,25.331629015801468,North,Annual,Card,Web,0
61,132309.68703793013,60,99.68878431617208,1,7.222986424415672,19.274679673305982,14.607811163030302,South,Monthly,Card,Web,0
27,41106.38118252547,27,26.52884293246227,3,6.21822471418564,22.00601028554929,17.407347269622086,East,Monthly,Card,Android,0
18,37337.58555040986,81,71.5960778158339,2,9.618400382676283,18.329370634760128,26.282637139633707,South,Annual,Card,Android,0
20,76223.0517434957,83,89.86275425676523,0,4.59647669581741,21.361703339097048,17.062195259118354,East,Two Year,Card,Web,1
48,98644.8965372805,32,97.46997909799352,3,7.712227494213599,11.959342881533395,30.760467843913215,East,Annual,Bank Transfer,iOS,0
26,66420.97245275088,46,80.74845713368504,2,6.891194215026303,31.949824309725592,13.124581619236315,North,Monthly,UPI,iOS,1
30,77589.33324412003,19,74.02729842857408,0,8.52898281575765,4.495006897152422,13.094280612295886,West,Monthly,UPI,Android,0
62,24441.956815908386,17,110.33712579149437,5,7.164590018035057,22.04495856329699,39.154502791797896,West,Monthly,Card,Android,1
63,50094.74599478113,26,93.55617779097273,2,7.214694299547028,20.56734424107226,8.227962025663427,South,Annual,Card,iOS,0
61,41380.45395897352,35,65.5895013414562,3,6.746712642073491,22.500603754162,21.75955123901539,South,Monthly,UPI,Web,0
31,23308.99130114662,26,86.13168690046714,2,9.568535887024396,13.041407538462163,38.6633546280661,South,Monthly,UPI,Android,1
50,67573.56514852551,15,96.49507067968578,3,7.204090004602493,26.184379198331392,21.742676968906547,West,Annual,Card,Web,0
49,18000.0,43,136.54711724354144,3,10.0,17.244135228251814,34.120936021575986,South,Monthly,Bank Transfer,iOS,0
27,35911.68874607613,60,108.58971004874738,4,7.662820038766811,9.696495426510458,27.872273779645134,South,Monthly,Card,iOS,1
46,53181.7365317048,31,121.43670567861831,2,7.236991729355456,10.336327282068305,21.935183041886788,West,Annual,Card,Web,0
45,46711.71160907632,51,66.6817781110111,3,6.9529441682474555,18.872935481863117,20.82419264683413,East,Monthly,Card,Android,1
38,73720.98704855549,26,69.27451281234993,3,8.159219729464803,6.824349335769561,3.0,North,Monthly,UPI,Android,1
57,71722.76422185457,67,77.9386002156103,2,6.19973126605775,30.60354188409695,19.12799506103174,East,Monthly,Card,Android,0
53,84663.57241058005,62,80.69282060085509,1,7.447762078366363,25.342448963798454,24.089966552480746,West,Monthly,Card,Android,0
45,81552.44211967892,92,54.75925126591329,1,7.213832923983292,30.787910245956983,24.084966187233178,South,Two Year,UPI,Android,0
55,90097.88136595038,6,122.97800879670454,0,7.752921088750822,30.049964423762304,44.19272881438506,South,Annual,Card,iOS,1
57,64957.79519980081,82,111.50054913276375,3,7.795051554644983,15.536654746388852,24.52862259534555,East,Monthly,Card,Web,1
47,71676.27181796673,33,75.82966416095479,3,7.883391296312652,11.914693761448763,27.671307887144604,South,Monthly,UPI,Android,1
31,76253.3014422222,7,104.25131947041561,2,7.361338068494597,1.0,32.48466850668911,West,Monthly,UPI,iOS,0
57,68116.44734260257,66,91.68697489011514,4,9.867203936993935,15.156361125749243,26.864511803750126,South,Two Year,Card,iOS,0
55,,17,106.59483942794124,2,7.918366987510223,30.359569990851664,21.22555839936979,East,Annual,Card,iOS,0
69,57686.26424452505,17,44.6707862942311,2,10.0,12.20504539751957,21.26931384514537,West,Annual,Card,Web,0
25,47013.71523674076,94,80.63016780407696,1,7.284747394561983,16.53055303595371,18.84410965987347,North,Monthly,Wallet,Android,0
39,74275.57025801625,21,83.25884416282614,3,8.830152597173797,14.118008256419818,25.997899262229218,North,Two Year,Bank Transfer,Android,1
66,62931.66617012658,52,103.70926298834954,3,5.965716345763043,20.624966075254008,20.46711351118109,West,Annual,Card,Web,1
44,50410.177485991175,20,66.146871964536,5,9.581341734029216,27.002592789500177,27.624427514784443,East,Monthly,Wallet,Android,0
67,50430.61397485896,12,20.0,1,6.002717307483402,7.225525677398384,12.918214207032706,South,Monthly,UPI,iOS,1
18,38371.22798877865,1,52.54900846951238,1,7.974992630525362,8.56556812858585,23.321636125677795,North,Monthly,Card,Android,1
19,86534.50950721839,2,83.16856042867278,3,6.750473757340986,28.40634027492049,35.96860589266632,North,Annual,Wallet,iOS,0
59,66729.58872969933,46,86.91652676509995,0,7.9684132550987,23.13146812116267,19.978388523896673,North,Monthly,Bank Transfer,iOS,1
36,46018.39956938806,42,135.51244367874955,2,6.800846397318467,16.18433607056079,38.58701464270099,South,Monthly,UPI,iOS,0
45,82788.0504912444,4,102.48239321974297,2,5.8582700803339325,29.94957933348487,23.473043025960358,East,Annual,UPI,Android,1
40,52670.1261845238,34,87.44590837694469,5,6.738293107343766,8.444797795270668,21.491426270686,North,Annual,Wallet,Web,1
39,34056.98620573088,26,84.02826169655687,2,9.8206862110408,24.51849443833723,23.049566520734796,East,Monthly,Card,Web,0
66,87466.89036282092,55,118.12550146509079,2,7.994369656458751,17.522333237952004,19.197190802525924,West,Monthly,Card,iOS,1
22,53183.866229545514,95,67.29668643527685,3,5.008954949205477,22.245806852090247,4.174995360042274,West,Monthly,,Web,1
58,56004.22001540663,66,80.79148636778203,4,9.062150592108102,1.2899352151230872,29.921573724008358,West,Monthly,Wallet,Web,1
64,65905.96044768191,88,52.32225639585095,3,5.684425893443626,16.175076480739556,41.73441847552402,South,Annual,Card,iOS,1
52,90136.96290138253,19,127.56718146085912,3,8.463710789698858,23.1575770122546,26.323863430294022,East,Annual,Card,iOS,0
38,65440.82039905886,21,96.7749681100484,3,8.14038075091304,17.556688471236196,26.871888652208135,South,Two Year,UPI,Web,1
26,38619.42322480494,72,63.77430111988162,2,8.247727792627304,26.78708440960596,20.356665829978034,,Annual,Card,Web,1
53,76965.29409046797,30,81.56634969045076,1,10.0,26.552635049985504,32.42010188947578,West,Annual,UPI,iOS,0
42,54330.226066242074,81,100.2895228961884,3,5.791310427666574,11.290054623455855,21.646555433862027,East,Monthly,Card,Android,0
25,106534.32737364827,45,77.47843261833174,0,8.238351119007609,23.767948559335764,24.40498088377207,East,Monthly,Bank Transfer,Android,0
36,64975.36611604642,20,68.96588134862198,0,9.341300641135057,11.051361399402317,7.913051792821989,North,Two Year,Bank Transfer,iOS,0
68,18000.0,81,65.37178942047007,2,6.106319107237718,18.378108088083295,17.23592316779996,North,Annual,UPI,Web,0
31,72862.02938742483,53,95.16885697723345,1,5.93221891312451,22.592897745153348,25.306178333631138,West,Two Year,Bank Transfer,Android,0
27,107781.15142972503,77,74.25837162367945,1,6.7117811840868615,12.153019481175928,30.164905611255918,North,Annual,,Web,0
53,99670.24634799856,43,71.38726795711761,1,7.752046160897515,23.508483298950676,30.414457679165537,North,Monthly,UPI,Android,1
28,105280.99435264443,12,44.918147348337826,3,4.802190334266382,14.46250977693668,7.787371762140252,East,Monthly,UPI,Android,1
65,42565.2759216078,65,87.32921729581508,3,,13.935117308113563,8.699982022767266,East,Monthly,Card,Web,1
62,85067.35271148913,12,79.56329683624276,6,4.805742539032265,22.94655688477801,27.257233909496925,North,Annual,Card,Web,0
69,49116.12012579234,64,75.35054954074106,2,9.39866240387266,12.148189394216068,15.278724507956507,North,Two Year,UPI,iOS,0
65,69934.36678717234,40,90.96312032466156,1,8.07340360775321,11.792151714458335,30.051333454375982,West,Two Year,UPI,Web,1
30,36995.04656772589,76,107.44006788207693,1,10.0,25.288092280210577,7.328486118261836,West,Annual,UPI,Web,0
29,50821.97317258024,83,106.04696415821405,3,8.336932393035807,18.759900063474536,21.114310506398972,South,Monthly,Card,Web,0
35,50122.57265800046,39,101.58185502699288,4,6.6819072330943134,7.8211635328769376,21.691868644811954,West,Monthly,Card,Web,1
42,84768.21616313755,84,77.77989164092835,2,,23.989489648717473,26.324203873029205,South,Monthly,Wallet,Android,1
63,82615.82067673242,11,67.99004992176275,2,7.606114798732366,15.153791374295885,12.719560034682823,East,Two Year,Card,Android,0
56,71090.03404527805,11,53.682530760326884,2,7.148573999587613,8.178906623069743,4.299123448071246,East,Annual,Wallet,Android,0
51,35290.72880278152,95,67.20530477985754,5,9.21643635929137,1.0,23.541454853911134,West,Annual,Bank Transfer,Android,1
63,58143.93245310616,55,85.58950285409709,2,5.621348012196757,24.32390007922686,26.737872452909304,West,Two Year,UPI,Android,1
51,48585.43737526002,43,61.41141635042552,3,10.0,11.980573537219001,31.06709466369734,South,Monthly,Card,Android,0
37,84132.8666472788,15,87.88171417352329,4,9.36712080091549,9.293086600910492,18.773035119542644,North,Two Year,Bank Transfer,Android,0
39,90920.06676197806,28,56.03629966264407,3,6.854009828562855,22.475819812701943,28.981134769139025,West,Annual,Wallet,iOS,0
44,88240.48289267943,66,35.170243329789336,2,10.0,23.640541174161974,26.37196397399586,North,Monthly,Bank Transfer,Android,0
22,48385.17277282555,79,109.58218362594386,0,5.868682238402637,12.490279009837595,33.901645699429025,East,Annual,Bank Transfer,Android,1
56,18000.0,88,70.76756213902466,1,7.549502642855888,24.388484617241847,21.501508755602035,,Monthly,UPI,Android,1
51,26126.8382411388,39,59.888990403283266,4,5.029999212331589,32.38425044779189,6.430906274853291,North,Annual,Card,Android,1
56,96275.79351780859,44,52.184585761076846,1,10.0,27.42664289679768,21.391062937426774,East,Monthly,Wallet,iOS,0
45,56172.391334963875,16,97.691079241912,1,4.399442417762337,26.33739966637869,22.796056736164406,South,Monthly,Card,Web,1
58,48484.05839816753,8,126.24723134403902,0,4.751249116354332,20.19890385492771,26.66374818158645,West,Annual,UPI,iOS,0
67,101138.52645559714,42,72.90778416981567,0,6.120987717995954,14.893972561297545,8.205858702934451,North,Monthly,Card,iOS,1
47,92833.51880074319,56,78.53309876012254,0,9.447950246949475,17.60879762972271,19.19159666672913,North,Monthly,Bank Transfer,Web,0
41,65537.87188223531,10,117.14895519667218,5,8.823236306334106,21.085191225639335,29.812932144081532,North,Two Year,Bank Transfer,iOS,0
23,58545.13199659257,39,30.686628869250633,4,7.407486067989481,9.197416289415699,21.063230925509803,South,Monthly,UPI,Android,1
58,62093.77331811124,61,144.00605928738003,3,8.932174558984402,12.614326646754781,19.24839056081123,East,Annual,Card,Android,1
65,69997.58156452425,78,158.32300906979108,3,7.003796667991047,8.00574899912191,39.1569375800515,South,Annual,Card,iOS,1
54,100201.04018903138,90,20.0,1,7.918128924755594,19.64630635603989,12.369962318516032,North,Monthly,,iOS,0
63,74294.28333321899,33,82.07490313249728,0,10.0,18.58137745676876,33.09839238985883,West,Two Year,Wallet,Web,1
62,80972.63872686111,38,63.43158904391309,1,6.780747915552838,13.431039341719707,31.19124762286771,North,Monthly,Card,Android,1
59,90723.94239954377,84,77.05684687285799,2,5.897166544688099,23.743494437658185,19.973501845447338,South,Monthly,Wallet,Web,0
44,39267.127977462784,66,72.4484479115223,2,7.999631914355884,10.68779743850184,21.703985022259058,West,Monthly,Card,iOS,1
23,81606.96163442894,27,109.35277295438075,0,8.458466322735637,13.171156818759322,21.671871403430526,East,Annual,Bank Transfer,Web,0
18,58519.48739744455,66,81.62290279096028,2,7.387761153146974,23.46368539438754,23.637529807091834,South,Monthly,UPI,iOS,0
28,18000.0,15,57.6727835740013,3,8.905748233300255,24.501710460882965,16.649127783059907,West,Monthly,Bank Transfer,Android,0
40,,43,79.83444516114628,4,6.85785946840303,12.429916581038096,18.146665962141974,South,Annual,UPI,Android,0
56,42601.412546588916,30,100.44352710887229,1,7.416828216291936,19.624298233202683,18.802979221919692,North,Annual,Bank Transfer,Android,0
41,76686.9110290368,95,49.48836016704155,0,7.836777300358136,12.54834931454678,19.090320694610053,North,Monthly,Bank Transfer,Android,0
19,67503.59043748652,4,35.61298933090059,2,7.688513764663656,16.61862326495887,19.20319392503137,West,Monthly,Card,Web,1
28,69056.0675578646,82,144.7822840250596,2,9.942561769791045,19.006861759060943,3.0,South,Monthly,Wallet,Android,1
68,107920.75661910723,27,65.72719960874691,2,7.828245625000565,21.92256339171154,22.878841791365065,West,Monthly,UPI,Android,0
69,37080.02847308413,4,80.87941039241431,3,6.683366370633704,20.222913094451766,17.252789978614608,North,Annual,Card,Android,0
37,64396.46620795808,63,73.06613782523281,1,8.09756889253472,19.9121363837817,5.1987002204677,North,Monthly,Card,iOS,0
59,71697.58150190394,65,101.44263112246426,2,8.915046428459215,10.450511640250962,18.849540865801565,West,Monthly,UPI,Android,1
55,48801.99143615662,14,138.1836976927313,3,8.516200250581953,20.717936475152484,18.571382697933487,West,Monthly,Bank Transfer,Android,1
66,65623.1883918247,4,102.39801525187853,1,8.421972870977065,21.857457458374093,33.477200743742245,North,Annual,Bank Transfer,Web,0
64,29801.11465014441,11,39.44904557380027,1,4.653314756026141,22.822541710609926,17.146930374135255,North,Annual,Card,Android,0
50,96017.93678005062,39,43.4762971897441,0,2.962728551371444,12.96335874370379,28.010111618861462,East,Monthly,UPI,Web,1
38,50004.47984433046,13,73.03105674019251,0,9.367949715655062,24.409099316085253,34.44530803047145,South,Annual,Card,Android,0
50,109690.80362512707,67,76.953004014002,3,7.946057658550425,8.779355967562223,16.347381618805677,South,Annual,Card,iOS,0
34,64285.56487381599,8,33.34146191360198,2,7.163318391754041,14.984272921691659,21.572525111244193,North,Monthly,Bank Transfer,iOS,1
36,87617.17843878202,75,109.58022760523322,2,8.380332147226262,16.07136642394085,37.558225974187316,West,Monthly,Card,Android,0
49,63827.336882194606,84,52.410383263555644,2,10.0,9.163136562476906,24.060785396343217,North,Monthly,Card,iOS,0
47,64323.63569026835,69,129.79904686377267,2,9.603002981938896,15.96502291946637,25.363748578620346,South,Two Year,Card,Android,1
48,52151.354669115826,90,139.61897791617162,3,8.835774973763328,19.55036640041361,18.334714684285046,South,Monthly,Card,Android,1
38,67620.7264460581,90,77.55239402103469,4,5.692566424184506,5.219594727166651,28.18345747389016,North,Monthly,Card,Web,1
39,71995.97127710904,5,98.16917921254554,3,5.913455634951211,15.237181313604081,21.64321647682974,East,Annual,Card,Web,1
18,47746.31280386604,33,48.04158333747395,4,3.1431120416748985,5.761193474156734,5.511073559081247,South,Annual,UPI,Android,1
49,62249.02285108255,73,103.71028979437344,2,8.276972905604364,32.29077149021861,18.802907194154646,East,Annual,Wallet,iOS,0
47,,33,70.0542272969689,2,9.084666235683983,19.487438518537886,11.351390888021951,South,Monthly,Card,Android,0
66,115592.60953152645,71,52.382940352349394,4,9.22330267852557,18.880804986817054,23.010168678452906,North,Monthly,Bank Transfer,Android,0
44,63025.92306194439,74,76.31995035241047,2,8.348231801170519,19.624513881613986,13.748448126470091,West,Annual,UPI,Android,0
42,98995.1073373243,95,71.0275597478391,2,6.938086341013567,22.231644414205824,26.30315619123232,South,Annual,,iOS,0
21,60696.30872223085,32,75.24521790988737,1,6.240728314752756,24.8470839488417,22.402870788404165,South,Two Year,Card,iOS,1
28,70704.32811376797,34,113.49039708449077,2,5.7968798466457,7.055122498297358,10.767918967790218,North,Annual,Card,iOS,1
35,35929.990423804076,3,61.44077222092802,4,6.9221777564191616,27.1712431819873,17.56715695947685,East,Monthly,Bank Transfer,Web,0
37,55164.402978906975,28,137.05068999321628,1,5.5376953683760375,26.72077705812078,27.58506431467976,West,Monthly,Bank Transfer,iOS,1
36,69631.76275736342,27,45.24821101523939,1,10.0,17.535573723997206,32.33193732232569,East,Two Year,Card,Android,0
38,99892.08428111707,44,133.46290819535787,1,4.985968359788479,17.168899165217603,13.878208918534598,West,Annual,Card,Android,0
57,69883.62110887797,41,54.50468134279919,2,6.865009429288321,1.0,12.123035545530577,North,Monthly,Card,iOS,1
24,95441.84794624598,82,84.96960302390153,2,3.9084286971675146,9.292061864588879,39.55886446270949,West,Monthly,UPI,Android,0
35,79096.04042446424,74,70.2941165956594,1,7.704143264206711,21.6319449338421,21.91208848154493,North,Annual,Card,Android,0
26,100802.82946822309,70,74.68813985386436,1,7.1959476934128785,26.40432226416924,22.82322041789776,South,Monthly,UPI,Android,1
34,63701.07121928878,1,109.04071709066646,3,6.5934563988127834,23.10185845481758,15.345480504085158,South,Annual,UPI,Android,1
53,117584.8996343397,45,129.99480391686433,3,5.614268447748909,17.469994539551973,23.93698205686348,North,Annual,UPI,iOS,0
20,54321.28353588929,70,120.71574114866925,4,7.204185120498948,31.481108903979113,37.435861088861586,South,Monthly,Card,iOS,0
35,48137.839647651286,24,72.85431002974457,2,6.274416486975796,25.036228894569973,24.289287419712394,North,Two Year,UPI,iOS,1
19,38378.83730684125,41,90.5276566721366,6,6.9673245880766626,15.243215068785663,31.584669242254098,East,Two Year,UPI,Web,0
67,116282.54277427754,70,61.537663789949136,4,10.0,33.274774563673894,22.260854708826937,West,Monthly,Bank Transfer,Web,0
55,83027.84659759374,76,55.25349062275916,0,7.492701267017368,10.326829357053796,12.76777128438451,East,Monthly,UPI,Android,0
30,57649.343865633215,82,50.610972828139936,2,8.105874253555855,7.697118456237806,15.850869976363057,South,Two Year,UPI,iOS,0
28,92478.49933121688,41,71.87280079047612,6,6.410409881343159,15.05226229013254,11.939780422256538,South,Monthly,Card,Android,1
23,80129.2280725912,38,92.48816893044827,2,5.866459633552905,12.689518753855904,23.960079252280167,West,Two Year,UPI,Web,0
42,108254.80437026298,37,27.64554520745486,1,7.160971887137299,15.445478698591707,33.01499914285001,South,Monthly,UPI,iOS,1
57,30947.67767972195,64,83.60938892257703,2,10.0,23.586634874807807,23.449098479357414,South,Annual,Bank Transfer,Android,0
48,59162.0776170864,40,130.48075373648572,2,6.711372918680268,17.76214299876725,19.229963632327593,North,Annual,UPI,iOS,0
63,54824.52955325784,39,118.65733207222375,1,7.814444265720199,17.941922626661505,14.89324222941364,North,Monthly,Bank Transfer,iOS,0
35,21578.981119010765,16,67.44447770420003,1,5.791722524346082,18.41170371346233,25.199012765606568,South,Annual,Bank Transfer,Web,1
32,88327.19850515327,46,43.093812721516414,1,,1.813721549176492,10.856811524857388,East,Monthly,Card,Android,1
42,59051.27577232612,23,98.79490919394479,5,5.857286735716185,7.39317644457353,11.793090295632512,West,Monthly,Card,Android,1
28,81271.88650970437,50,20.0,0,10.0,15.302821141994048,30.101469408765247,West,Monthly,Wallet,Web,0
68,116914.98255525145,85,118.30462347648032,2,8.212163501032101,12.099498390565838,19.500384438934624,South,Monthly,Bank Transfer,iOS,1
27,57228.638779792615,74,78.59237626350279,2,9.989571141790869,16.377487589977175,19.322912262849854,South,Monthly,Wallet,Android,0
42,55734.634381542586,46,139.93900961732203,1,6.608872200615641,27.82889865725663,20.478405853185254,West,Monthly,UPI,iOS,1
45,67610.61173392792,93,33.19103543270602,2,3.193387123613676,17.478853518247618,28.532839600713437,South,Monthly,Wallet,iOS,1
20,86719.44176563501,94,112.544386756235,1,5.315194694113843,8.7448224759391,23.48952405721931,East,Monthly,Card,Android,1
42,52532.3134431767,43,81.98473489557405,0,7.874942093775087,12.448301489147285,15.31226702500678,East,Monthly,UPI,Android,0
41,51118.84486309312,73,75.06848405583759,0,7.603943563591966,29.974031362945773,15.636170047463487,North,Two Year,UPI,Android,0
31,88258.16394531005,33,43.90469604363567,2,7.182279545817011,28.727457800213106,20.244002702376697,South,Monthly,Card,Android,1
24,73330.06512443678,84,102.87243720135149,7,6.298576678858258,22.171142049542176,24.719977684242775,South,Annual,Card,Android,0
20,20015.978213893948,36,105.28412154330573,2,8.797516667565516,7.06261850513269,21.680410508518687,East,Monthly,Card,Android,1
18,38041.380411679624,25,138.5538340589767,1,6.347710654198365,20.147634545729048,20.879588324442235,South,Monthly,Card,iOS,0
43,98027.18900419862,13,115.24150788581777,1,7.72328867927659,20.685879694054915,22.416552031541272,North,Monthly,Wallet,iOS,1
22,73842.42222773387,81,67.18314013132795,2,7.532057880555426,18.17878145873168,21.673980354152356,North,Monthly,Wallet,Android,0
67,48231.68951718052,29,54.88412249147456,1,6.573545846284239,14.009922610734483,14.976553876924552,West,Annual,Bank Transfer,Android,1
30,61250.98754083039,78,43.94525699432841,3,5.701796713232742,15.46158269291179,31.963458211048977,West,Annual,Wallet,Android,1
51,65291.20680163674,9,129.1967303691841,1,6.473538852570966,13.521995649690496,17.65919690327349,West,Monthly,Bank Transfer,Android,1
53,81186.1339261636,48,61.65477147166402,4,10.0,9.984482291486831,23.162984956156535,West,Monthly,Wallet,Web,0
43,35118.205313106635,41,129.4068960691392,3,9.091161367552504,27.56191484827771,3.4569827856546738,North,Two Year,Card,Android,0
63,46499.118949249925,42,100.752161225862,1,8.934660843179364,24.176196565207867,20.063431407475175,North,Monthly,Card,Web,0
23,71005.02660699455,16,94.89708644781882,2,5.863011698482815,16.00549390191683,12.103697529282726,South,Annual,Bank Transfer,iOS,1
30,62803.639229100096,8,75.79395062319105,6,4.755928235956288,20.465248158574386,13.188804072706391,South,Annual,UPI,Web,1
31,77580.90201800762,33,104.82018739006753,0,9.064040166789654,20.727906232733744,43.79967352270104,East,Monthly,Bank Transfer,Web,1
25,37950.83725808885,45,84.53587711489594,2,8.738104342764906,34.40018490653243,24.245733105677736,,Monthly,UPI,Web,0
33,72856.83087796907,76,73.9236012559357,2,7.433323260360339,24.107980766409934,33.03419960243981,West,Monthly,Card,iOS,1
34,89014.83962630438,44,105.880143599446,3,6.570082191108117,23.843387331096732,29.697732249887082,South,Annual,Card,Android,0
57,75710.00803728423,24,80.68083672336608,1,4.711294087800447,18.26586709148534,30.849185937982583,East,Two Year,Bank Transfer,iOS,1
33,68060.45827475502,25,61.049956637835194,1,8.674580755443454,14.95903229112877,20.20835504566212,West,Monthly,UPI,Android,0
63,62890.56074354864,59,102.99480326381953,2,9.216429695442047,27.678971768631307,36.45761810720377,South,Two Year,Card,Android,0
58,46633.27463902696,42,83.08043033114305,2,6.045542871564969,22.56590482296329,29.620185687188435,,Monthly,UPI,Web,1
64,63416.03096632465,86,99.66730035273413,2,5.9035806787426415,12.193206321619204,22.372014566220727,East,Monthly,UPI,iOS,1
23,92713.52876336893,42,71.3842042493744,2,9.309805272514964,21.177065880378866,24.369606620118486,West,Annual,UPI,Android,0
69,62381.37285479724,54,48.72636085957132,4,6.1088304130810815,23.861702618945685,20.76940825183751,West,Two Year,UPI,Web,1
49,45424.31223433498,7,137.05221887542825,2,10.0,3.329183305949968,22.470152663797386,South,Monthly,UPI,Android,1
69,54170.564047161504,19,131.39834232290724,4,7.0146120116282935,11.54329245190733,21.607593384219307,South,Annual,Wallet,Web,1
36,69418.70654007046,81,111.51354883785883,3,6.542845098326696,20.539353782279345,25.433802681128416,West,Monthly,UPI,iOS,0
67,56782.692062021364,33,73.3656794387718,1,7.276683602062774,4.5287708731987095,37.65976421269418,East,Two Year,Wallet,Android,1
48,75676.67222738909,40,75.99046080516783,1,6.542726051581167,5.637081838802944,11.15307294737138,East,Annual,Bank Transfer,Android,0
21,76502.56273647866,57,126.46982337689394,3,9.114561056791059,16.106767817240172,32.281192871579265,South,Annual,Bank Transfer,Web,1
39,84557.62996890226,6,74.38509887297761,2,8.705877237278157,21.440809813664597,18.68588964659859,North,Annual,Bank Transfer,Android,0
25,96318.30838983072,49,66.02331890958108,0,9.049780697676415,21.76448594830783,33.42696833438325,South,Annual,UPI,Web,0
66,86908.89193619194,33,141.1670402690936,2,7.513683559179907,29.076796868840226,18.998991732872568,West,Two Year,UPI,Android,0
33,44446.740588744884,15,83.56966955158383,1,6.424197352875783,18.575847215226492,25.714783088862276,South,Annual,UPI,Android,1
29,45122.24217532201,40,138.05275985541536,1,7.184591187372854,15.391430025776348,20.570401760841733,South,Monthly,Card,iOS,1
46,63333.027517883864,43,43.04824267929994,3,6.476315454330535,8.848482896913263,6.424670889595669,North,Two Year,Card,iOS,0
40,55074.14214073288,18,100.54554648353505,2,9.693214072411031,15.30760668501075,37.65079188664588,South,Annual,Card,Android,1
23,39956.81200685926,52,147.13247797649845,1,8.903865330457622,22.952705155977092,13.515217478302295,South,Annual,Bank Transfer,iOS,0
60,55282.780528194126,71,85.89252233976586,2,7.044410786342743,23.269055424409828,22.75494575040684,,Annual,Card,Android,0
61,54560.71546038114,26,77.07986523196611,3,5.62499257348884,19.85233304709945,12.528203924424334,North,Monthly,UPI,Android,1
56,50219.34972525347,92,49.96744247204741,1,9.81942746994649,21.829804547063016,9.966985136612916,North,Monthly,Card,Web,0
50,58052.63130458988,59,117.47029163305741,5,7.432363030425312,26.93468491352214,20.155541442797812,North,Monthly,Card,iOS,0
38,90925.91870700328,74,61.896157520779376,1,6.978715317665552,18.52690290183971,16.658398641367555,North,Two Year,UPI,iOS,0
46,69383.23690748327,7,82.15574321830034,1,9.834409623522228,27.571231864251644,11.480664808242157,West,Annual,Bank Transfer,iOS,1
45,119379.79967322032,73,47.964931606221654,2,6.333087017257284,12.913472124904578,21.681106467455333,West,Two Year,Card,iOS,0
26,68751.18009243229,32,131.70683800292298,2,6.657824267739791,17.486962688216565,8.662839492119526,West,Monthly,Wallet,Android,0
22,58618.55297338046,68,119.64655932177048,4,6.8077097877612,14.634167390977058,23.12926418573069,West,Two Year,Card,Web,1
31,65090.92341840705,77,84.05245752360607,2,4.9618324082088705,23.548935922173058,20.85405862902268,North,Monthly,UPI,Android,1
41,70642.82352575788,24,50.37553193239216,3,7.736750121224112,10.89860887385986,3.0,West,Monthly,Card,Web,0
26,74575.5870577634,25,131.07721147727898,1,5.904013934046634,15.747641671475563,17.2920108725514,South,Two Year,Card,Web,1
23,110687.64916889853,6,74.02204818858559,1,6.2297730550710915,4.982264564241426,26.215690092040777,West,Annual,Card,iOS,0
62,46402.94977049349,58,51.84385477547444,3,6.002459685017172,22.160632598989032,12.42808703539132,East,Two Year,Card,iOS,0
37,83899.01327991018,74,32.13645962582368,3,6.201980654383296,26.72753193007838,26.606129749922285,South,Annual,,Android,0
48,69570.51314751072,39,65.62104604318675,2,5.773845411173116,24.374955659100674,25.894112889222203,South,Monthly,UPI,Android,1
45,30435.84966344641,16,41.36085632410181,4,,23.688393294288446,12.840507157430157,North,Monthly,Card,iOS,0
56,81955.3732060848,31,66.31537490431526,1,6.9354917427742855,23.87580277185964,21.889459270246135,South,Two Year,Wallet,Android,0
56,92887.7183376859,39,107.33226201093146,0,7.281613834953797,22.897856799055536,29.424919750128907,South,Monthly,UPI,Android,0
33,46142.119116896545,88,73.737995080743,1,10.0,22.300769357542556,14.11219992585536,West,Annual,Card,iOS,0
62,64803.454906376646,12,95.67080146341132,3,6.935545992131365,22.752394203400385,20.147704981768403,North,Monthly,UPI,Android,0
37,27042.20623583052,33,63.29996021403304,2,8.228410957801824,13.410225090647089,32.35215206183027,East,Monthly,Card,Android,1
61,37306.2578869446,61,86.95507199092694,3,8.421874318871165,16.598645895361074,14.281311417167107,South,Two Year,Bank Transfer,iOS,0
39,88056.65070757955,23,142.62702466258062,1,7.093143738580735,18.49170282495959,26.132424572219065,North,Two Year,UPI,Android,0
23,54738.83686783644,85,74.5454176591931,2,7.665458523626565,15.650064029103405,12.28728002536954,South,Monthly,Card,Android,0
57,40606.334551363136,87,96.53288312858976,0,7.235186923446124,7.0358325477561205,20.55134287124494,South,Monthly,Card,Android,1
19,70048.12801808545,37,38.03418317594685,3,7.544349272709513,9.354937091742437,26.02054043116506,South,Monthly,Card,iOS,0
58,53506.926508517485,71,130.60318367250613,1,6.202921458108167,19.609832805164316,3.0,North,Monthly,UPI,Web,0
20,54641.923528938205,72,70.68380113165404,1,6.3598407737143,24.340431361053426,17.191092269932298,North,Two Year,UPI,Android,1
28,81265.17256484788,65,116.51600949719503,2,7.22876783058123,18.065393364117945,25.863987344677405,South,Monthly,Wallet,iOS,1
49,39441.86610344438,18,81.30459112723284,4,3.847763805453311,37.35375303297937,24.032596982785574,West,Monthly,Card,Android,0
66,45081.96532099969,5,103.3473809506242,0,9.743323742601053,11.56166298891311,17.298594538265892,West,Annual,Card,iOS,1
39,68389.7598272751,33,105.13037281633002,4,10.0,21.114594994459885,12.058761949769469,North,Annual,Card,Android,0
24,86327.01539646051,13,71.42678981461849,1,7.489595441872014,27.03841827454609,27.656183939748217,East,Monthly,Card,Web,0
30,92239.52663277669,28,117.75719307285556,2,8.331297601326709,25.45973984815905,19.09833936230365,West,Two Year,UPI,iOS,0
64,50368.6421520443,61,62.23045408020701,6,9.037798039085844,22.585468032422327,26.90812481466105,North,Monthly,Wallet,iOS,0
55,85622.29327223226,56,108.33802660082628,1,4.948061442716943,25.491777816894768,25.422008219657567,North,Monthly,Bank Transfer,Android,1
23,47748.869543651,20,73.29384117500408,3,8.77807250698352,18.3877604336039,17.973235429883616,North,Two Year,Card,Web,0
38,105176.6056319496,2,95.48673845896181,5,6.4750523494618175,29.640172213743853,31.653055686951852,North,Monthly,Bank Transfer,Android,1
31,40057.03744076598,22,71.14020992937218,2,10.0,26.982113744479832,16.65150150967455,West,Two Year,Bank Transfer,iOS,0
27,94226.53383741807,44,86.49927924119787,3,6.879958731002219,12.034406795026173,32.71408576736712,West,Annual,Card,iOS,0
62,50557.30564998808,75,52.75918894924699,3,8.743909779391823,20.250975563440708,33.89163277492778,East,Two Year,Wallet,iOS,0
50,,35,92.42670954066382,1,6.896698018387774,7.168923593312034,31.451032070412026,South,Monthly,Bank Transfer,Web,1
27,78009.05603475466,28,86.32563504878757,2,10.0,28.652522812649966,20.37494961970332,West,Monthly,Bank Transfer,iOS,0
51,42647.636353019116,53,68.79539337782583,3,6.329004631033861,19.56962008722214,44.9237122993119,North,Two Year,UPI,iOS,1
39,53510.75345006485,7,83.34916100829112,4,9.180650938456562,27.44140990846909,23.366600131803192,North,Two Year,Card,Android,0
21,82185.98651492232,22,89.0201342850373,0,8.26535240016831,17.234497466625193,24.169508309618134,North,Two Year,Bank Transfer,Android,0
41,88158.17718754234,4,66.50928840204664,1,7.887326934829073,5.006127508642823,21.801447892857023,West,Monthly,UPI,iOS,0
27,63444.25698206182,50,81.13724272810992,5,7.589312581776114,36.461572787489935,11.832101706492917,East,Annual,Wallet,iOS,1
30,65982.48218119626,43,54.83344177315237,4,6.066078719915334,18.91761983031068,33.65565913646287,East,Monthly,Card,iOS,0
63,81683.76671816944,56,155.37199116883022,3,2.8037042722620686,10.998539636187402,16.84836913302456,East,Monthly,Card,iOS,1
54,67899.56539423804,59,116.77355980624554,2,9.026466584384746,26.02033601873622,30.27649923433582,North,Annual,Bank Transfer,iOS,0
24,36542.89309455574,38,93.19282316894653,2,6.368973512414716,32.251000968710066,32.43597797486688,South,Annual,UPI,Android,0
62,47114.57145791603,83,120.16338782430086,1,9.188320244259451,16.582932778800906,27.429892424943585,West,Annual,UPI,Android,0
47,70172.63874933663,88,25.62242569948667,1,7.7978862054566305,17.305303124911198,15.772276516915266,West,Monthly,Bank Transfer,Web,0
63,,11,20.0,3,9.240436527734206,19.666323642981055,18.93029570039036,South,Annual,,Android,0
56,100551.61333156505,88,73.02126814750281,0,8.563217284186106,10.2232055791353,3.0,North,Two Year,UPI,Android,0
35,82149.6472569719,19,43.64307569193673,2,3.010018193185359,13.165327852930414,20.951791092700645,West,Monthly,Card,iOS,1
45,71320.3967428,24,77.90183426655013,1,8.245322547621596,30.473481050555154,29.224391689299853,South,Two Year,UPI,Android,0
45,81473.9054916145,51,91.16969921784697,1,6.615751674455377,17.074554934703396,19.862454288262686,South,Two Year,UPI,iOS,0
55,50331.48129544918,3,112.61243495021834,3,9.1805190183559,12.13710115382353,16.689277369684053,North,Monthly,Bank Transfer,iOS,1
30,61628.918874319286,35,50.85208047174359,4,8.20505274173256,14.835706725457076,19.320277683014503,North,Annual,UPI,iOS,0
35,46869.12413053151,19,96.98892058480214,3,8.225047364541533,25.509765811310942,32.938293732871166,East,Two Year,UPI,Web,1
30,37527.66256443034,46,85.43169079456698,4,6.737187247295974,4.168721804125427,21.51070879995883,East,Annual,Card,Web,1
33,,78,95.42527929799255,3,5.648569473416755,19.782549281476946,38.721245587677515,North,Monthly,Card,iOS,1
26,,88,69.406841477392,1,6.464092169750106,35.23553121529723,16.863398456037494,North,Annual,Card,Web,0
19,80128.35465919829,21,126.49405419586361,1,4.140183155397388,32.21743839102321,23.955086066181366,South,Annual,UPI,Android,1
66,77014.46027963384,52,81.89474054710821,0,6.196415651270703,22.01241946573071,18.099382669356753,South,Annual,Bank Transfer,Android,0
21,70338.17396912497,46,138.22546670511306,2,4.710929530782965,27.215098270307863,40.6703777238219,South,Monthly,Wallet,iOS,0
64,77245.5666449062,40,61.28834038953329,2,4.755840633611722,27.147783993573924,23.61734780178424,North,Monthly,UPI,iOS,1
18,64060.971882995516,61,107.28482019866661,1,7.398014040284556,17.11903597557631,41.15268523481063,West,Annual,Bank Transfer,Android,0
58,,94,83.20994558318414,1,8.107883197156733,24.47355662355015,18.21885200587913,West,Monthly,UPI,Android,1
35,49024.82314090009,39,75.16772749999708,1,7.145951083702133,30.5200811315115,35.74821258269556,South,Two Year,UPI,Android,0
44,73133.53036406086,7,103.9694602140264,1,6.352056154524717,9.153664298131082,23.062030350461455,East,Monthly,UPI,Android,1
32,79705.18907629221,88,76.02479562431232,1,5.589406124193826,22.036556142371175,29.529900350910374,West,Two Year,UPI,Android,1
43,50267.00858241153,89,20.0,0,6.660771912979992,20.530328136619865,11.022601198818545,,Monthly,UPI,Web,0
41,66140.30617784263,31,20.0,2,5.802220829912832,18.722151394819477,25.135725542883762,West,Two Year,Wallet,Web,0
45,51280.74478815409,48,123.17266480852147,1,7.093187738393771,18.102433139657663,12.377916058083699,South,Two Year,UPI,iOS,1
38,53416.852676645474,82,121.90775373639087,1,,19.621689807713,24.31386760634526,East,Monthly,Card,iOS,1
45,40251.5541877526,48,141.6202283876784,2,8.392239882949738,20.209005384946394,8.334489522656622,East,Monthly,UPI,Android,1
60,92847.04835366423,46,84.47415255153467,3,6.236047092471323,25.830307050042247,21.153252823857155,North,Two Year,Wallet,iOS,0
40,88445.07384384105,88,46.22095594006326,1,7.839636730479976,21.33560264259026,31.860508334140334,West,Annual,Card,iOS,0
36,76823.54479300142,79,72.41248472046996,2,8.708277392573027,16.754863837265397,26.92798491094785,East,Annual,Wallet,iOS,0
24,108388.3109427639,49,85.34273546083938,0,7.7573804992827,12.120549797562795,10.89444955368204,North,Monthly,Wallet,Android,0
36,60836.594675495384,16,54.788853271446726,2,8.55851554231674,14.692902375210735,4.914522554466128,East,Two Year,UPI,Web,1
24,131698.77313243394,42,134.457241689216,5,3.686713253148079,19.828162720153212,26.47250122414691,West,Annual,Card,Web,1
27,59994.35286200915,65,152.18508638931212,3,6.362143671703393,13.05750483482371,36.23078915822571,West,Monthly,Card,Android,0
67,70614.25373863237,26,99.34842102190532,4,9.075230333541443,24.621139621002353,13.324485668168496,East,Monthly,Card,Web,0
22,56248.88589331542,52,84.67408759905412,5,8.065690215137577,21.010385984709988,40.87663670358725,North,Monthly,Card,Android,0
43,73191.16232132672,63,46.15099064576703,4,10.0,26.00469194039907,21.941560406478995,South,Annual,Bank Transfer,Web,0
61,83383.52841349738,9,131.39301688468154,4,10.0,13.528265453230816,4.371758196930706,North,Two Year,Wallet,iOS,0
67,62493.839352832154,55,87.28920432547139,3,7.7093066285660825,12.182526347462257,7.9520767895784825,West,Monthly,Card,Android,1
25,104087.83663658766,71,76.32506804768164,1,6.771636347895829,25.952400583873654,28.929542344342714,West,Monthly,UPI,Android,0
26,70261.28426193613,21,99.43522266023614,2,5.5706541877861175,18.90967769667288,23.16611236751531,West,Monthly,UPI,iOS,0
37,70950.67849442438,53,67.42865413032443,3,6.3911254385900795,16.58238009768677,35.33998869213937,North,Monthly,Card,Web,1
46,45002.050720698215,68,89.40625519365456,2,6.505980255568078,22.890623469566776,11.216877099716326,West,Two Year,UPI,Web,1
67,74206.97964010846,5,41.7259944746302,4,6.191476372951085,22.63014467052009,23.066453183474017,West,Annual,Wallet,Android,0
28,62051.40114219396,62,117.61261567757302,3,5.638825828840222,9.209653842866956,22.06084955249521,East,Monthly,UPI,Web,1
26,51618.72595457969,25,81.8676687659298,4,7.882680198787477,27.692515861602622,20.71286929248482,West,Monthly,,iOS,1
31,47917.56302073599,38,119.76402581902036,3,10.0,15.127151396092383,18.556534942177066,South,Monthly,UPI,Android,0
63,123778.79435464708,62,78.96591466475142,1,8.78653650599144,29.900126334193335,18.735705620153674,South,Annual,Card,Android,0
19,59203.50049606122,1,80.91400873648065,2,6.65188590094045,8.66515970505436,23.571812418523372,North,Monthly,Wallet,Web,1
37,32946.32074281211,2,48.63047715124127,2,8.923849040921207,20.22179217736218,24.72322925054394,North,Monthly,Wallet,iOS,1
24,49639.127885883405,43,107.79270919054429,0,7.7893064736261,16.700651593430667,24.27315565092919,North,Two Year,Card,Android,0
26,63865.507531523304,91,58.72480137930725,1,7.130802603407368,4.173357264960714,32.85388758016407,East,Annual,UPI,iOS,0
65,77026.67471756267,1,70.40732880402314,3,7.024691366399413,22.607455846361642,11.188493389401515,,Annual,Bank Transfer,Web,0
18,77205.5234779569,75,85.0314155824761,2,6.860101765419952,4.532440812784959,5.694848189457375,North,Monthly,UPI,Android,1
34,79885.52013908356,8,88.63672551068069,0,8.306812408653359,15.958331973230818,31.152685489490775,North,Monthly,UPI,Android,0
65,50813.07325397875,47,33.81709179346723,3,7.437439139869917,25.729928344013313,13.508274631819077,East,Two Year,Wallet,Android,0
49,72489.689757034,41,78.0758240353595,5,5.961681244119117,14.289748158934728,18.584717632463402,West,Annual,Card,Android,0
21,45726.691789567274,45,108.8569065593114,5,5.879351414529403,11.673860939391362,16.491103241055008,South,Annual,UPI,Android,0
42,51367.85437369174,8,73.64985896428293,1,7.720036768178836,23.60249529393407,16.29838910117405,West,Annual,Card,iOS,1
68,44810.40256099429,72,78.25804737360035,3,7.928707066661568,16.253373646294204,8.87562365597568,West,Monthly,Card,Android,0
38,38855.445198838075,27,89.8721815252818,0,,15.164582137171246,16.874251710387565,East,Annual,Bank Transfer,Web,1
45,88412.60875487619,74,81.22118702359003,1,5.275590441331385,26.924947340185263,27.843980010515782,East,Monthly,Bank Transfer,Web,0
45,80149.45742153552,63,54.084534928371866,5,9.326640699044724,9.829048853917959,21.964617043510216,,Monthly,UPI,Android,0
52,86486.63813951885,53,83.90961628999287,2,8.965627836196072,14.782749211707046,26.540564156562226,West,Annual,Card,Android,0
27,65864.88745253452,30,114.82219510017688,4,3.8214599483450535,24.065129077488397,17.535262022996363,South,Monthly,Bank Transfer,Android,1
61,82089.76937503323,62,53.464721581987284,3,9.477290969633001,9.376368511433377,30.12561391703737,West,Monthly,Card,iOS,0
69,26251.63309786401,95,73.76554331542546,2,6.844741144533876,30.427430118153353,17.424743121908183,South,Monthly,UPI,iOS,0
25,83987.92539699782,88,43.551060281947684,1,7.522978036046142,16.482067604532592,3.0229842952669514,North,Monthly,Card,iOS,0
60,68896.63626011067,88,113.24145851471035,3,9.134979202089466,24.121691669886555,24.849614136336676,East,Two Year,UPI,iOS,0
60,78796.41120328165,21,82.22925379486364,4,10.0,24.107046246157793,28.906462921258125,West,Two Year,UPI,iOS,0
56,73360.51257906949,56,59.4940109918241,1,8.904870984577402,16.933984532263008,16.966848888226956,West,Monthly,Card,iOS,0
37,43284.7866001885,38,87.76796800429533,2,7.609751848215951,14.646915217074087,32.792856406675725,West,Monthly,UPI,Web,1
42,32043.124941396978,92,48.891993553136416,5,4.8614108332849035,17.699248066320628,14.34377031065653,East,Two Year,UPI,Web,0
61,49334.80834397481,91,53.99513405618781,1,3.755405899225945,22.988789732432625,28.036541315806,South,Monthly,UPI,iOS,1
25,77428.18018800407,83,41.195994104446584,2,8.692870196341657,11.095026092273997,37.70298347941434,West,Annual,UPI,Android,0
61,80182.0111338587,16,52.996622873278,2,9.48145158776561,9.577189878882274,22.330578859343948,North,Monthly,Bank Transfer,iOS,1
65,34905.26989759902,31,125.72012751999418,2,5.815103736575319,28.38941905227536,19.96165222579277,North,Annual,Card,Web,0
53,43415.813915699284,68,63.006450061522116,3,6.741374059944159,12.856014506969725,21.048954920733415,South,Monthly,Card,iOS,1
35,49088.81490930154,72,98.98675367954436,4,6.252647989744727,20.47858717419882,36.65465848256618,East,Annual,Card,iOS,0
47,57139.28867413005,34,59.91095740132235,2,6.207369875068695,16.584570537706277,25.625043164120594,East,Annual,Card,Android,0
20,35034.88172124165,13,107.78601237289658,2,9.027434012616341,16.894940721436114,41.29782409496804,West,Monthly,UPI,iOS,0
66,33714.861144917086,14,54.217539972060536,3,7.571234325681192,28.012728049713516,24.513262491496185,North,Monthly,Card,iOS,0
35,46919.62347903381,66,86.1768378328527,3,6.810396870627363,17.403815685697335,16.115830060866305,West,Annual,Card,Web,0
20,66897.58439695013,44,86.58553929606846,2,10.0,15.502217102474859,16.74843758308111,East,Two Year,Card,Android,0
59,39026.92452542321,47,154.83416009279773,1,4.761484471687147,16.111990546075752,22.554465389436526,West,Monthly,UPI,Android,1
52,62452.32278062114,78,103.91275863940496,2,8.131448838542836,14.475791066457461,3.628096456272825,South,Monthly,Bank Transfer,Android,1
50,88288.16195511994,2,67.2128795701218,4,5.416736915207268,13.309365151624691,17.72509146951435,East,Annual,UPI,Android,1
20,36360.845776902774,72,105.55146890951542,4,6.93235731760979,14.503871959588839,17.924819493552086,West,Monthly,Wallet,iOS,0
57,60458.19331496813,27,149.14523411455622,4,7.452685253586544,29.642470790220308,24.158107798769798,South,Two Year,Card,Android,0
51,87544.64814251699,89,36.110917285471146,3,8.635812723379656,22.98042178942298,39.47636398361305,North,Two Year,UPI,iOS,0
59,55798.0954119962,91,59.7255387229382,5,6.755990778226262,15.583624157982293,22.493348395682613,North,Monthly,Card,iOS,0
61,52379.26680111478,48,77.89307322660119,2,6.576188233745369,24.871589442331757,4.696068215862713,North,Annual,Bank Transfer,iOS,1
29,90596.90791474242,31,72.48735318574147,2,6.725555333717037,6.889643390288407,13.774831151107348,South,Annual,Card,iOS,1
28,,23,75.01729905010376,8,5.364080433288001,27.62974846200969,24.360590756838224,East,Monthly,Wallet,iOS,1
66,89298.89055452248,18,45.87303203220271,2,8.274926663555867,27.066090388788457,22.836952837108274,East,Annual,Bank Transfer,Android,0
45,74437.23860479837,95,127.11868160650036,3,7.678268430329244,33.65433809816549,36.620099700813256,East,Monthly,UPI,Android,0
40,57457.41763598359,18,42.32174204570142,4,7.939786741235586,25.080860073550596,30.640695685342365,North,Monthly,UPI,iOS,0
32,75553.19167314567,43,78.99361571132502,3,7.081776895693763,21.060641807056204,30.37103926399945,North,Annual,Card,Android,0
51,72049.88930461284,46,116.37491775282093,1,6.872107468186842,27.037982694077044,20.045802170627404,West,Annual,Card,Android,1
57,87459.42206205442,65,84.09445428562442,5,9.198520574992447,13.619333980384821,31.8920893289579,West,Annual,Wallet,Web,0
18,52936.39816696959,81,55.61817499291693,4,8.937036999266926,15.23208455808495,13.936691864224379,East,Monthly,Bank Transfer,iOS,0
46,65906.53346919564,54,44.539730308781266,0,9.60516099651346,17.55028627082593,30.714648783643625,East,Annual,Card,Android,0
69,63646.655048697976,73,78.10002411916653,4,7.8334103975429805,27.58217071630275,19.458229871583693,West,Monthly,Card,iOS,1
32,80491.25911607526,54,62.28911302448601,2,9.499528960914212,12.008851530524364,8.968059346355265,West,Annual,Card,Android,0
32,42446.057722228135,42,91.15693275108934,1,6.492659512475297,11.265568117012386,27.339130305533867,East,Monthly,Bank Transfer,Android,1
63,87373.49506123282,15,42.956465568274616,2,6.858551963559737,19.65576654744912,34.577892567529474,South,Annual,UPI,Android,0
21,75259.23298774916,20,109.39107210662866,3,9.231671281259334,23.02271347953106,18.340583158156335,North,Monthly,UPI,Android,0
38,36027.64838007518,42,88.46648569493394,0,8.633816615042406,13.078435968419466,36.06485575219114,East,Monthly,Card,Android,0
41,91581.782160571,5,90.69509183057431,9,6.706234308244676,22.692925669403532,7.0965317711060845,South,Monthly,Wallet,iOS,1
59,114150.04777755009,31,128.2323033472005,2,5.421360998766492,27.578795394352827,11.228860869012742,North,Annual,Card,Android,0
24,87040.34733008698,44,71.86613504884403,3,6.853260848112797,26.40323185438467,20.679465624230758,North,Monthly,Card,Android,0
40,96393.66487898232,45,63.22549915800328,3,6.035723649829041,20.47304937969769,18.663125026650754,West,Monthly,Wallet,Android,0
25,,78,68.56709114959381,4,10.0,17.365815757777156,15.995799525466982,North,Monthly,Bank Transfer,Android,0
58,28446.891765752778,92,79.22420291430227,2,8.492069093983577,30.1493654495319,23.20309946936401,West,Annual,UPI,iOS,0
50,24429.350074314454,70,82.27105315626014,4,5.897931618442499,18.107827961440158,17.24268587952681,West,Two Year,Bank Transfer,Android,1
43,70611.80496509069,8,60.07906790194681,3,5.423515366869479,24.582482337306434,18.769228025775394,East,Two Year,Card,iOS,0
38,51976.46622994044,39,24.30744240900823,5,5.876867434566256,31.707970354299036,24.50582563315334,North,Two Year,Card,iOS,0
25,44879.32187679827,70,68.17212997362886,0,6.249997094607233,23.846876557409537,15.992168057757745,West,Two Year,Card,Android,0
65,63619.572952689145,57,95.7947699886067,4,6.91660933054477,11.02036136965091,21.04583654812924,East,Monthly,Card,iOS,1
51,78542.87633294833,44,89.08774918760477,0,9.094729034497508,9.326840530841988,16.190148582763694,South,Monthly,Bank Transfer,iOS,1
34,33039.33397123276,42,120.98663409477481,2,5.556921284699894,15.916594059558296,11.149416249159732,East,Monthly,UPI,iOS,1
39,55124.69235383153,39,143.66459631891365,0,10.0,22.966493864207578,28.873319572063338,North,Monthly,UPI,Android,0
55,98217.15502864693,56,107.78001314375405,1,5.596389597391287,21.113501067908093,37.37014996757812,East,Two Year,Bank Transfer,Android,1
55,41343.65563512976,17,126.47561927224677,3,4.804618857139182,33.44957445824571,31.581147955665244,West,Two Year,Card,iOS,1
41,84134.74611762904,50,108.0032287678936,6,10.0,21.04539401432985,24.985444736751848,South,Annual,Card,Web,1
33,54335.92324592213,20,136.2969776778215,2,9.446134519722825,15.707911482745562,16.2262440153763,West,Two Year,,Android,0
52,77007.46271669897,65,140.52560902873802,1,6.8900070438143155,10.066605278230767,19.417731482355336,South,Annual,Bank Transfer,iOS,1
52,89141.20515846308,83,113.53495512336781,3,7.848264935711695,26.26306164528141,31.513191344205957,West,Monthly,UPI,Android,0
49,81308.19887367048,49,106.19140439273755,2,7.891167502473424,17.957571395542242,3.0,West,Monthly,Wallet,Web,0
21,85001.51124870528,37,78.84303484187897,1,7.43241112886405,7.457021622370878,18.73065798045534,North,Two Year,Bank Transfer,Android,1
42,39664.94226502496,90,83.7598815710827,0,4.995984784600196,18.15582422040689,28.6070432776984,West,Annual,Bank Transfer,iOS,0
49,89500.51354830858,63,74.86488005949214,1,2.980655789467371,11.029833222110952,11.755476560339467,West,Monthly,Bank Transfer,iOS,1
67,46240.75147803396,41,103.63754832685167,4,5.763965490050191,15.020537427551291,25.81049455820983,South,Monthly,UPI,iOS,1
45,70709.91884257384,3,63.38955887921955,2,10.0,18.043343835098664,25.392903436891206,West,Annual,Wallet,iOS,0
35,70681.41611393899,2,79.2668137066027,2,10.0,11.663753661655065,8.911008127637572,North,Annual,UPI,iOS,0
46,75672.69629513078,22,20.0,4,6.754877160363075,14.586630817305505,22.782802991286403,North,Annual,Card,iOS,1
27,72413.04687332419,23,136.69269684317527,2,5.571460821709759,12.791161161206768,16.44299258798632,North,Two Year,Card,iOS,0
22,46436.18047245609,69,78.38576252241045,4,7.672806073539947,12.978975625758352,25.744888082951796,South,Monthly,Bank Transfer,Android,0
53,35302.91692949424,48,98.66741312009731,1,7.946268032293943,10.94385638007908,28.02809817302137,North,Two Year,Card,Web,0
69,84191.67095915892,95,128.73360084134208,1,8.221223182799898,14.620648047778142,25.590450403958357,North,Annual,Bank Transfer,Android,1
61,69088.36070541614,52,94.0088031232354,2,2.904051239176084,11.737110907582327,22.65333091818787,West,Annual,Wallet,Android,1
48,90286.29050107198,86,128.33031106280293,2,10.0,22.106088811830915,24.59984145180315,South,Two Year,Card,Android,0
20,,53,47.74786563545899,4,9.125206935674175,19.405600374712034,11.415414199755961,West,Two Year,Card,iOS,0
69,34086.384065106875,35,156.92129768793106,5,6.863631703642567,26.36300657493552,21.723233945230987,North,Monthly,Card,Android,1
41,86254.85298209033,68,117.61330595466296,3,5.97858802872655,31.20692373306322,14.831650779501953,North,Two Year,UPI,iOS,0
33,56851.84658745564,43,91.27607477459922,2,8.878419679935329,22.741275097452384,31.283848781383448,West,Annual,UPI,iOS,0
64,72524.07606326247,27,127.75237997876337,4,8.04217084555872,21.147109172433154,28.149143403832962,South,Monthly,Card,Android,0
56,50755.892573450576,45,49.94095342031884,4,7.35665072965867,23.182360906064254,28.12361215107883,South,Annual,UPI,Android,0
56,101174.63762514119,64,76.34155363691518,1,7.97916887718938,21.26612171901511,37.421424001875835,West,Monthly,UPI,Web,0
32,45715.573867969666,36,128.32751189207139,6,7.008376672818156,18.351395417986144,19.03020281679686,South,Annual,Card,iOS,0
69,57576.545409664155,67,28.988194573151056,3,7.883165851719413,17.79471935556821,17.05893383010235,South,Monthly,Card,Web,1
41,67363.87145934097,94,101.81373324876415,3,8.434816846620956,10.848310251565778,18.817575553683014,East,Monthly,Card,Android,0
45,40971.98880408692,40,100.96528479535462,3,7.783638685939446,23.872436880133876,7.579872329456165,North,Monthly,Bank Transfer,Web,0
57,72271.42962892709,29,144.07677450466488,2,7.694567227147262,17.78093633099169,8.28775191238593,East,Annual,Card,Web,1
52,100462.03050428478,39,37.511337408332906,3,9.567862226459008,28.146632820034498,27.589927080713004,South,Monthly,Card,iOS,0
26,54209.83246473837,80,133.288931710949,3,4.484917896988625,24.405951325097217,9.44373882168555,North,Annual,UPI,iOS,1
33,73693.14201869797,17,68.21587770553292,2,5.843600126450668,13.618338644068157,12.325786914909468,South,Annual,UPI,Android,0
36,18000.0,93,71.58971620264435,3,7.245153166167738,26.726837328291282,21.08452110605536,South,Monthly,Bank Transfer,iOS,0
67,64143.557589333504,40,48.3398683912062,5,5.959225109020291,1.0,18.289951575361,East,Monthly,UPI,iOS,1
55,58113.06970962348,80,52.36443887599224,3,6.5267446849853,31.511580214704686,29.970871220164604,West,Monthly,UPI,iOS,0
37,46993.05274697153,75,97.10567042361767,4,9.389161030913076,8.630883055752344,22.544151745013455,West,Two Year,Bank Transfer,Android,0
56,88791.9103318277,75,51.63004255655933,2,6.9467493442718675,21.465785254196085,14.813781887450205,South,Two Year,Bank Transfer,Android,0
56,57822.63900427578,87,107.20853000958746,2,4.090341252886244,20.991913163032695,30.74469708768771,West,Monthly,UPI,iOS,0
38,61095.495283941076,18,65.11101859090739,0,6.480319060131726,25.86601803289225,28.559122463549038,West,Monthly,UPI,iOS,1
38,56701.75675464043,57,48.60898582454057,1,7.298792396027583,15.699122348869116,9.301149061834908,North,Annual,Card,iOS,0
64,22830.05082116832,10,69.16572560920316,4,7.267472205175756,2.9813706969656106,24.270399801940293,North,Monthly,UPI,Web,1
47,40096.29831830686,29,95.10121575268917,3,8.145263650288905,15.708984620336107,15.564308893733665,North,Monthly,Bank Transfer,Android,0
25,86144.05669464477,4,76.67940214206942,2,8.006460577084306,16.465863882502397,15.327059864798489,North,Monthly,Card,Android,1
55,18581.085768640623,65,86.02630354998395,2,6.963995632505824,3.6556558836788753,38.82563195181259,South,Annual,Card,Android,0
48,48141.06230845448,58,105.88622385508252,3,5.171832410982764,18.317601262725166,23.11844249606609,South,Monthly,UPI,Web,0
44,56206.15876162519,71,117.47264354850846,1,6.450063272216144,10.469039579348182,20.04215360337448,West,Two Year,Wallet,iOS,1
55,103359.68108041445,17,75.69714074231707,3,6.141279853742943,22.543595721654174,22.764561027660584,South,Monthly,Card,iOS,1
65,81909.28284092012,32,53.67333953271525,0,6.715323535433365,16.2774418492144,29.868162365463643,North,Monthly,Bank Transfer,Web,1
35,52742.24840483181,65,87.28283436767549,0,8.374986509938408,31.727664198638134,15.685559716419004,West,Two Year,Card,Android,0
39,93699.30133654212,79,99.11948758312215,2,7.886974674258379,16.206749402116625,17.222350275030983,South,Monthly,Bank Transfer,Android,0
27,48708.65194897537,85,41.17824082084149,3,8.600809713360865,21.012738864388368,27.91004312331695,North,Monthly,Bank Transfer,iOS,1
51,87200.19568214813,8,58.28175108977245,2,6.54705855387525,16.508499454783475,8.352496385586678,North,Monthly,Bank Transfer,Android,0
38,35104.70058969366,39,63.42439312111178,1,9.764213306084047,6.637122680777141,30.91694656818362,East,Annual,Wallet,iOS,1
35,88611.67229936147,2,78.7653343383887,2,8.343825471414425,16.56700896403753,7.553382386587959,South,Annual,Wallet,Android,0
54,56065.059799638315,78,62.16898289119642,3,7.3907989591313275,23.273894088200354,19.788098722821317,East,Annual,Wallet,Android,0
39,42372.90669929207,12,106.211221752907,2,8.225689193442548,22.213928639654736,7.610504141493948,West,Monthly,UPI,iOS,1
42,60222.84051232109,79,36.84600395624748,5,6.051207295127247,15.947125835204925,12.493735042590913,East,Monthly,UPI,Android,0
40,71101.57195384473,15,37.60843908416726,7,3.615117832867284,7.8027071815882465,33.67900172744458,West,Monthly,Card,Web,1
31,54115.534528434335,2,74.98333565465613,3,6.168616172581377,22.511210114133004,31.400120864512488,East,Monthly,Card,Android,1
24,77186.97713189712,84,79.7304158758043,3,8.470676827311687,20.936406098244422,32.36190069800294,East,Monthly,UPI,Web,0
61,52174.13455939051,42,41.36068381425689,1,7.336367267471238,23.903875976968195,8.959105448154352,North,Annual,Card,Android,1
22,78648.19266648988,41,66.79753472057305,3,6.967381396447616,16.081214633357643,12.540494576185033,South,Annual,Wallet,Web,1
34,74728.88536480519,62,72.96868547742733,4,5.758671879677863,6.209376450333096,25.058853119480187,South,Annual,Card,iOS,0
52,,27,73.20106158933564,1,3.8750960959418896,21.736321281536867,28.437857411614132,East,Annual,Card,Android,1
24,55289.589127949104,66,89.55644449867874,4,9.622237555385144,17.93600064448561,14.804376834112377,South,Annual,Card,Android,1
52,,41,65.15263346729314,4,6.846578938920268,27.74178641380079,16.789707557104702,East,Monthly,Card,Android,0
56,77105.58234674139,26,129.33508900024822,1,6.469785430774776,18.201131227124925,11.817871185472281,South,Annual,Card,iOS,1
52,110359.58136009538,38,99.64613919200717,2,6.058201345943817,17.681731775673487,36.92420761523387,East,Monthly,UPI,Android,1
33,85667.24927955998,1,60.78659438076034,1,9.33268821196527,20.920781303061865,17.725397808518352,South,Annual,Card,Android,0
19,86471.7788959485,29,87.83534480102719,4,8.698296381044953,13.821482518392083,22.281630732514884,West,Monthly,Bank Transfer,iOS,0
64,132947.26828692624,57,88.72045955816814,3,5.555692910841379,13.484049952135013,22.752801420003646,South,Annual,UPI,iOS,0
34,76351.08648889257,14,121.44164423493342,2,9.17972304057401,17.314733135634405,31.950584081264285,East,Two Year,Bank Transfer,Android,0
59,75662.15724885745,12,66.98852713250946,2,6.953380287833846,11.557155842110195,13.427800918308318,East,Monthly,Bank Transfer,Android,0
28,80488.33163507639,63,108.0201609316172,1,6.162078280421714,16.39633174173824,32.514347508035385,South,Monthly,Card,iOS,1
26,42802.74849305843,41,86.25563427347433,0,6.700858942444165,31.5769295021409,10.491513559404778,West,Two Year,Card,Android,0
58,55234.163998787364,13,129.74699549346298,0,5.8683946741246755,25.298436087084568,32.49148231999951,West,Monthly,Bank Transfer,iOS,0
66,53864.27613276865,72,123.72674357918224,1,4.9545089253270564,20.15626558979755,6.562303734057279,West,Monthly,Bank Transfer,Android,1
62,79247.50749883035,74,90.90937913777802,3,8.519422641364603,28.86174082668443,21.058999133187058,West,Monthly,Card,Web,1
57,61168.15963113363,4,77.13152136951818,2,6.824801739646505,12.225727313953481,36.62893499532605,South,Monthly,UPI,iOS,1
30,68040.91536043466,20,100.19817729038367,2,8.24925620719696,35.43307908915997,28.275304974210894,West,Annual,Card,iOS,0
65,88924.00164326622,36,79.58649918618502,3,7.688262662920229,14.776482377081908,25.79118059777124,West,Two Year,Card,Web,0
52,83989.31625149105,70,135.40921317935005,2,8.132519889300507,32.026641268564255,12.564263725382448,West,Annual,Card,Web,0
26,61442.13793309256,8,87.35410234531037,2,3.7218224308079524,31.995821334457542,15.386788802484784,West,Annual,Bank Transfer,iOS,1
24,50260.10786867911,77,72.83072102461489,2,,5.727391352419563,34.09956238928043,East,Annual,Card,iOS,0
63,89976.04409637014,31,71.21154741778223,1,8.167920084183143,28.2696450019927,26.251055421312827,South,Two Year,UPI,Web,0
32,82025.60598001705,12,48.60893244403878,4,5.0327878199688545,16.012636016831266,30.01224322300508,East,Monthly,Card,Android,1
57,29662.349997501587,83,101.69677384279969,6,7.834210642480794,14.02422079877351,22.66414431232667,South,Annual,Card,iOS,1
25,,9,60.39966392081492,1,4.835802213968423,21.672466841154904,19.464416643878632,East,Monthly,Card,iOS,0
32,68641.34016436877,13,117.9444475656324,3,7.22795477194098,10.944592726716692,28.899954674278884,South,Monthly,UPI,iOS,1
32,82134.25377666269,91,46.21194837995281,3,9.936983669691296,21.513979615413948,24.334177310103726,East,Annual,Bank Transfer,Web,0
32,85022.23288867497,50,88.8172434691975,0,8.516820196063762,11.414438623917036,20.47035999020761,South,Annual,Bank Transfer,iOS,0
53,71245.93202586041,44,119.5067127549236,3,4.053740389350752,19.23955495483273,9.273936491127388,South,Two Year,,iOS,1
65,77875.44568989483,66,20.432588061290915,0,8.642231387337514,27.347538053631034,30.585174675876182,North,Monthly,Card,Web,0
65,66411.00965231938,60,145.54796631376558,4,10.0,20.70562554802717,25.960236804754455,South,Monthly,Card,iOS,1
56,50175.262860027666,59,72.24144408405672,2,10.0,15.481458889031972,16.54364155766932,East,Monthly,Bank Transfer,Android,0
28,59252.18339709241,3,89.23286146486419,2,8.007628753696771,21.78987777586544,32.61327460715246,South,Monthly,UPI,Android,1
67,65417.80610608238,53,102.1434767654903,5,4.880486129394897,8.154638305965701,24.19431249159962,North,Monthly,Bank Transfer,iOS,1
46,64237.056499591024,27,106.7838716834666,3,7.93895256264153,12.12797451062776,24.37058955185569,South,Annual,Card,Android,1
46,23517.39610224365,77,93.21651814779047,0,9.913257117180489,14.988109576450894,29.955060186203518,South,Annual,UPI,iOS,0
54,56255.36663155251,49,114.92153751119103,0,6.881950094424484,23.50795172282688,28.018359582747692,North,Monthly,UPI,Web,1
57,66236.52436796133,12,100.57212138765438,1,8.973285168900349,20.840591276750004,24.643070312177606,South,Monthly,UPI,Android,0
67,58809.86017807458,85,137.82643420096912,4,5.772674901907931,21.746165181509394,20.30273451809503,East,Monthly,UPI,Web,1
48,59569.876498745114,28,100.66982628563792,4,7.833000530315647,17.808322157626968,39.85297738811076,East,Annual,Card,iOS,0
49,75735.81015770092,26,143.9390655964926,1,2.967714824210784,12.483302477982047,15.395792612223872,West,Monthly,,Web,1
56,41262.94188493006,89,112.03236520712969,1,5.58442985087758,28.41681855598535,28.71374655094672,North,Monthly,Wallet,Android,1
31,29183.071293073357,74,30.82749622695212,5,7.189594899620845,13.115445818726378,21.245267502649057,South,Monthly,Card,iOS,0
34,57340.26460159315,82,163.33308035163523,2,6.582293558020059,20.93327264794074,26.09242264716854,North,Monthly,Bank Transfer,iOS,0
50,81810.51692103938,63,67.76967674568343,2,,17.21526742792375,33.10080986533246,East,Monthly,Wallet,iOS,1
21,102126.16686870604,87,129.86632045605205,1,6.350584463255575,21.94095216924259,19.195794157280872,North,Two Year,UPI,Web,1
34,82206.82126008428,11,85.80380329358316,1,7.760413582395595,13.761591103481445,27.41652707920298,North,Monthly,UPI,Web,1
55,32698.19728288536,57,116.8327077280774,3,7.0534131019126285,25.36874012620935,24.390015524587955,East,Monthly,Card,Android,0
68,59887.920733711035,28,64.34563267402618,3,7.303593868780477,27.647945410851555,16.228286551495145,South,Monthly,Bank Transfer,Android,1
45,70645.95638379364,38,103.77233629268764,2,8.444346965245757,24.939261577474596,33.32289098847287,East,Monthly,Wallet,iOS,0
38,68907.00457231903,23,77.40428363816784,1,6.616623408753481,19.103377281815536,28.400690161065015,East,Two Year,Wallet,Android,0
40,76864.70016474323,20,132.37009334769667,3,9.510602401188255,14.954123277274212,18.089050616394985,West,Annual,Card,Web,0
53,44824.92317786327,43,98.16004502251027,3,5.518239187627599,37.75478248701691,31.932343995142716,South,Monthly,Wallet,iOS,0
46,66428.74792611634,88,113.07827923904699,1,10.0,11.05862818666622,14.517223149342705,South,Annual,Card,Web,0
19,,61,20.077693855807894,2,9.092165671840247,24.16860686204093,21.739591634033808,East,Monthly,UPI,Web,0
46,83164.76097268051,34,82.43281960634124,0,6.594803773129223,20.329494216536368,18.13698548899496,North,Monthly,Card,Android,0
38,47274.20033451857,42,97.31654905174888,1,6.708158202807163,17.56223790474895,28.761807901179917,North,Monthly,Card,Android,0
54,57406.54892065624,51,91.70844719319122,4,7.551450505739951,19.296140578138104,17.682849800201804,South,Two Year,UPI,iOS,0
63,18000.0,24,113.83471641153551,4,8.21774058078236,14.428492876470884,28.826348052649394,North,Annual,UPI,Web,1
68,51327.83671328897,50,74.02287264587636,2,9.060732067896877,20.989388802716736,27.350141283301312,North,Monthly,Wallet,iOS,0
49,53462.87235463705,67,86.46361315103891,2,4.9209948783743584,20.217771401720473,18.62275767328145,East,Annual,,Android,1
36,42569.14082031626,24,120.43680293244975,5,7.94365245750412,36.74357256047621,38.467458323106726,West,Monthly,Bank Transfer,iOS,0
41,68643.46730511833,56,20.0,3,3.6019257708133843,25.495755505586327,15.292888152488812,North,Monthly,UPI,Android,1
27,63769.2004950041,68,102.68051504915024,0,6.898589174079678,21.61117940488485,9.318873225489153,East,Monthly,Card,Android,1
66,18000.0,50,74.9834552201934,6,9.671651256438679,22.028912533167382,29.704892230018203,West,Monthly,Card,Web,1
62,69741.17532463864,28,57.63045626339136,7,4.7900646452285525,30.87676358847022,3.0,South,Monthly,Bank Transfer,Android,1
62,44576.869122641394,53,95.09632672827941,1,4.481295763746174,11.207014046818097,35.42635143697575,East,Two Year,Bank Transfer,Android,1
35,75685.15710219133,76,121.82353890425966,0,7.5753516692315594,16.720870793667608,22.9157848887373,North,Monthly,Card,Android,1
34,36799.27254996936,22,116.17431494452543,2,9.558629579093424,4.650028206248907,9.157134326752859,West,Monthly,,Web,0
62,65660.14384768068,55,80.94660907280114,3,7.753172266845048,21.911416895133314,13.463819477703657,North,Monthly,,Android,0
46,58770.40676449687,65,111.27222891282845,3,3.962149575301363,23.9372162538101,7.293201920364879,South,Monthly,UPI,Android,1
54,71668.24146890726,31,111.04203695337533,1,4.338681697821334,11.03079963435616,25.445946574331884,West,Monthly,UPI,Android,1
43,67743.34010832963,37,82.378861885205,3,7.3661689359800135,28.045560126004922,10.057772461069678,East,Monthly,Bank Transfer,iOS,0
41,59386.388149528,85,64.20758344035376,7,5.195287887197196,12.967840051626496,26.518801276263535,North,Monthly,Card,Android,1
50,31202.009091026615,35,65.94297906633011,0,7.432366699639616,15.602723236884058,19.25658263691783,West,Monthly,Card,Web,1
60,32501.424803857306,57,110.13560046604411,2,7.533191692553797,18.836961409340226,17.721722738091152,West,Monthly,Card,Web,0
35,52154.48733997118,15,83.73559558861928,0,6.367412231881892,29.159374539318705,26.58411370175434,South,Annual,Wallet,iOS,1
60,64817.84255354909,88,53.61453340808235,0,10.0,11.99261527343371,27.611601966652827,North,Two Year,UPI,Android,0
30,51618.545161619426,57,34.454114934726256,1,8.203794248388297,20.03872987755978,32.3122258484091,South,Monthly,Card,iOS,0
38,78754.66247274824,73,109.95494356289139,4,9.2597044939501,23.42386428354696,16.295994973924433,West,Annual,Bank Transfer,Android,0
65,58857.139777342956,58,68.59664733207329,2,8.764988989061758,21.9792911457564,21.731714836051626,North,Annual,UPI,Android,0
67,43769.720054850775,34,94.91163266967945,6,6.944874944685225,22.237807231466924,16.282055807217304,South,Annual,Card,iOS,0
66,58881.881554265994,33,122.1912072120737,1,6.869439672723108,23.330501555217587,23.46688727992115,North,Annual,Card,Android,0
34,69968.91639896415,67,45.732265694395444,3,6.69404593739109,14.116940927764148,14.995392832568816,North,Annual,Bank Transfer,Android,0
61,72147.46381414085,82,83.64587858461465,2,8.357873829250416,29.814458507812276,18.18312942549534,South,Two Year,Bank Transfer,Android,0
66,106324.34090384885,13,79.87917561343392,1,6.094379198467832,17.221954212793012,18.22899541206044,South,Monthly,Card,Android,0
68,50283.994519924774,81,96.39228626883882,0,10.0,16.293062579123166,24.6402484962449,,Monthly,Card,Android,1
19,63383.46944501119,79,122.17479995261304,2,5.932022183756932,27.433378509196277,22.026594705111204,North,Annual,Card,Android,0
56,74374.72683002739,11,45.116445560127765,3,7.564607622904949,13.586031931861209,26.55671445191848,North,Two Year,UPI,iOS,1
69,64484.69489758206,11,102.09393846117301,3,6.810562619521887,20.241947334893148,21.037030760686733,North,Monthly,Card,Android,1
57,53986.40078824963,67,115.94571324981104,4,6.433651365542905,12.94015763203334,16.782225998714793,North,Two Year,Card,Android,0
30,30916.34212042664,81,79.40868808129652,2,10.0,35.63465070811512,23.721546075317256,East,Annual,Card,Web,0
57,53761.63970083366,38,80.8765902132063,7,6.453607619598813,34.160581617087516,13.745344509482461,North,Annual,Wallet,iOS,1
23,41378.54692020838,61,97.55348106954767,2,6.681973992312875,17.22831312994418,27.12242034201418,South,Annual,UPI,Web,0
42,27014.653015276876,95,95.34451233669364,1,6.070972882624988,21.639000214503728,19.430813308316427,East,Annual,Card,iOS,0
50,47495.0654832471,31,102.47057822101368,2,7.269769046671169,18.036398635331665,23.840674687295817,East,Annual,UPI,Android,1
41,41963.982143138,22,101.8384157920365,1,7.027779175517421,15.55980358114121,23.980216044507355,East,Annual,Bank Transfer,Android,0
54,77843.30399644485,95,55.540830831530464,2,5.297269677802682,18.83742049374106,36.413909359469855,West,Monthly,Bank Transfer,iOS,0
30,78224.02042311446,27,114.7079949311483,1,6.478571230608985,17.715789953442783,25.434253314065014,South,Two Year,Wallet,Web,0
49,45114.65562922075,45,120.00349486570715,4,8.236467122732735,7.355328147976252,22.658970577627947,North,Two Year,UPI,iOS,0
51,59274.970127611334,43,90.58248681070894,4,8.945877644017322,19.84116325095913,15.768662621255903,North,Annual,UPI,iOS,0
50,24118.66143352422,50,40.17534080351,0,7.2408010420413165,17.70394989241149,29.221466394374538,North,Monthly,Card,iOS,0
33,54124.52109598073,26,81.55762881999728,3,7.300291144110456,20.185403196434756,19.568150316287305,West,Monthly,Bank Transfer,Android,0
33,73777.6018154516,65,90.83217630821704,4,6.58630837799903,17.45737555564863,8.27067868666195,East,Monthly,UPI,Android,1
31,83148.63357151026,66,50.66199286639549,3,6.345849106671599,15.47762445565018,20.244205999648024,West,Monthly,Card,Web,1
42,49312.964202791096,20,74.19585809268959,5,5.6367258492000865,24.12437042192989,23.723408149313926,West,Annual,UPI,Android,1
48,88140.80693160543,46,42.718918373243746,0,4.5536959277937825,21.731940825958848,14.63344872112583,West,Two Year,Card,Android,1
36,31654.77772670362,6,103.21876674959331,2,6.005840654018888,27.77233109954982,20.93637725401239,South,Annual,UPI,iOS,1
39,37552.188418836566,21,89.97865944706155,1,8.736889874478873,21.463108351306317,21.35665447015808,West,Monthly,Card,Android,1
32,80612.56104403328,94,35.626505055572665,2,6.478491197414799,16.616754137294063,21.496828951517628,South,Two Year,Card,Web,0
29,101764.66702839144,49,95.54394584745941,4,6.611768237720129,22.31737968329105,33.111776827439094,North,Two Year,Card,Android,0
52,75855.5037400413,60,83.30473157829127,1,6.5786751604850995,4.1357078853272,10.195979249337595,East,Annual,Card,Web,0
60,64112.467496251724,85,100.49242848263215,1,9.316003031915649,32.7257592211155,40.30422213267008,West,Monthly,Card,Android,0
33,18000.0,68,73.25402698733717,1,5.621749630096726,19.92066100644297,21.704482118279127,West,Annual,Bank Transfer,Android,1
62,20506.164767043454,76,60.955617977709274,1,7.670990675262989,33.291191258880275,27.221901105572158,South,Monthly,UPI,iOS,0
47,67847.00981170911,68,61.8746612062658,2,7.083607572930721,11.914584582235573,23.150526398840697,West,Monthly,UPI,Web,1
26,57122.62126943416,48,68.85489350354786,2,7.315475602661107,10.17648232170155,6.465787854113282,South,Annual,Card,Android,0
37,40671.625992653404,61,85.56475289743142,6,7.615395692097966,20.560833048650203,12.490801105127119,East,Annual,Bank Transfer,Android,0
18,66441.71677826112,28,89.43875396274376,2,7.297180398455719,20.537743199366613,17.281517083259896,South,Monthly,Bank Transfer,Android,0
20,67532.8900851718,85,79.27840366575691,2,8.548137207306564,20.36771342105861,30.943478363052684,North,Two Year,UPI,Android,0
35,85777.149107886,18,72.30041353010442,3,7.150262542463021,19.300783422753366,9.541109778252572,South,Two Year,UPI,Web,0
41,68005.25022627942,84,74.45790195983555,2,10.0,13.603179873515277,14.298363156630256,West,Annual,Bank Transfer,Web,0
59,92024.67610335645,84,160.23174356520798,4,7.275615896243639,7.602509441450351,23.483657562504305,West,Monthly,Bank Transfer,iOS,1
24,65175.86865007389,14,61.87824545505374,1,4.304106299579542,19.982053896554802,26.255708030046428,South,Monthly,Card,Android,0
61,62462.63011423861,68,68.26083974361423,2,8.285127608844345,9.021855997911333,25.98448789148351,North,Annual,UPI,iOS,0
30,88414.86809743801,95,183.81562325104443,2,7.866564568941629,8.360955915828912,13.14395397648656,North,Annual,Card,iOS,0
25,43474.30063908844,55,97.63039907381658,3,7.255326553995272,15.33557741072234,7.6180777582779236,West,Annual,Bank Transfer,Android,1
54,126917.84397185556,33,43.600580022889126,2,6.758728763444054,21.014612897298683,26.851536788917294,South,Monthly,UPI,Android,0
58,73255.6645196682,84,110.2806161193179,2,3.6051475870183642,31.914314660794048,34.89811547385756,East,Monthly,Wallet,iOS,1
49,73378.2435624288,49,57.69883332396557,2,3.8903650941483523,24.854815122776557,18.89228546161883,North,Monthly,Card,Web,0
24,76552.11142739715,12,112.27184523415292,2,10.0,28.032523109903565,11.697821639643704,North,Annual,UPI,Android,0
23,106297.00245729613,24,78.67113161887956,3,6.2046455747310425,22.575631812801504,18.13107709781641,West,Monthly,Bank Transfer,Web,0
38,82435.16305679735,65,71.80612451531778,1,8.841554726838755,20.567976032606122,25.546563160462576,East,Monthly,Bank Transfer,iOS,0
41,29688.768461913678,44,133.2749490648275,3,4.474843435491215,35.54053220399265,19.9017115890103,North,Annual,Bank Transfer,Web,0
69,95876.34846488509,21,101.99204057977735,3,5.420340897873949,8.740010702753253,34.664742773633314,North,Two Year,Card,Web,0
32,57500.27525220962,76,114.18968312347621,5,8.353689609698916,15.107387785240286,30.32473647463859,North,Monthly,Wallet,Android,0
28,67357.41160246512,12,98.0475903855984,3,7.025748239312324,15.653741612923117,23.659042595838265,North,Monthly,Wallet,Android,1
67,36856.41261214414,21,71.66666428620704,4,8.114034192381943,24.25489914950825,4.411093903335743,North,Annual,Wallet,iOS,1
26,76576.44439872571,45,103.34063260774624,1,7.176824637919327,11.148562696197386,15.769627340429917,East,Two Year,UPI,Web,0
19,50669.76561851385,4,121.27646178053382,2,6.846957661188766,23.344007253036207,17.06779906288901,South,Monthly,Bank Transfer,Android,1
39,67203.73203585642,37,89.0421413055266,2,6.043925492102687,22.05754882238582,15.280456165168058,South,Monthly,Card,iOS,1
38,58749.82188206277,87,139.04927813039518,1,5.170195484918999,23.693432044627578,23.717391446784326,East,Annual,Card,Web,1
50,107350.28163818874,90,110.51461609605727,1,9.584592192545248,23.566561327915686,23.90297872931707,South,Monthly,,Android,0
63,108609.72660320297,83,91.35947649314835,1,9.864425480420799,28.76823745642817,6.933326186603033,South,Two Year,UPI,Android,0
66,66023.28974472432,31,92.54459593053454,2,5.434204976934888,17.655533759438374,29.24138255855036,West,Annual,,Android,0
33,66407.50965011481,7,89.11711386902874,1,5.323065526588188,21.71110536644093,22.14511335693699,North,Monthly,UPI,Android,1
69,56784.25474031067,78,47.462836432150254,3,6.608785657882443,12.844155001059644,25.218772721577498,West,Two Year,UPI,iOS,0
50,89332.1384130613,36,82.29783412574184,4,7.778739525267358,11.246434928127027,28.703437013816718,South,Annual,Bank Transfer,Android,0
21,57763.762852665706,72,91.63559456023502,4,6.890909046473662,30.353801492225216,15.097272525938507,North,Monthly,UPI,iOS,0
66,55730.579957794616,12,72.51744636200414,6,8.049184110921127,12.315168488500472,33.33015120384238,North,Monthly,UPI,Android,0
25,86529.04300062922,64,95.13031056114085,1,7.116276789060678,22.489184538670216,20.723857986215442,East,Annual,UPI,Web,0
48,53157.41990303371,56,85.63922471065334,1,7.005127059536303,21.71729959655238,35.61292503910242,South,Two Year,UPI,Android,1
59,64169.389242132325,88,108.21075673296306,2,10.0,26.2248662603609,13.954608082469425,West,Monthly,UPI,iOS,0
30,30211.162806758155,10,104.89337143197193,3,6.307154472287978,6.392595459806451,34.944219462378015,North,Monthly,Bank Transfer,Android,1
32,80492.18759270967,39,90.01459862754524,1,9.987909717801731,24.238448947823276,13.864143780691979,East,Two Year,UPI,iOS,0
42,107699.07266200111,95,43.983613260940054,3,9.659667215057468,17.593775955093623,44.939031579450315,North,Monthly,UPI,Android,0
64,80866.95820159542,38,138.7216821604351,0,,13.800636170763173,13.433496129543114,North,Monthly,UPI,iOS,0
29,97159.5816860407,63,80.7432700428657,4,3.925575878035807,16.244277417677264,31.509280484098532,East,Monthly,Wallet,Android,0
52,46385.75300409872,16,82.57340638914604,0,7.252797733617035,25.25739550928703,18.73845198676748,North,Annual,UPI,Android,0
41,70199.13420462041,70,74.72437453901837,3,6.32501891242757,23.118683621275512,28.435201452998935,South,Annual,Bank Transfer,iOS,1
23,44250.481663873434,27,70.3476503180339,2,7.234154175448805,17.104535793961496,21.63527439586899,East,Monthly,UPI,Android,1
54,59989.15799721046,55,131.32174144001573,3,5.3929564529406,10.026247751515042,12.17892662173558,East,Monthly,Card,Web,0
61,81988.6525017551,84,126.58132961158239,3,8.485638513385089,10.52018782161852,3.0,East,Annual,UPI,iOS,1
47,67240.05348827256,63,98.33180210733012,2,8.874474546088813,23.271211119472632,44.56824966573604,North,Annual,Card,Android,0
27,33921.89750277312,46,81.77499536707823,0,,9.055803020419242,22.657218030535116,North,Monthly,Card,Web,1
26,36069.35967816942,19,103.57353955041259,0,6.550296182146292,17.172918582289842,3.0,South,Monthly,Card,Android,1
40,34614.39350720298,33,87.21390945308119,2,5.398977326520486,36.76750489165932,24.72347745818416,North,Annual,Bank Transfer,Web,0
44,75811.95697867099,81,79.29331245030703,0,7.797858408000335,21.21692586859067,28.20627990876844,South,Monthly,UPI,Android,1
46,110405.6797844467,21,95.14317764518991,1,10.0,23.19574442796503,15.564272948374015,South,Monthly,UPI,iOS,0
30,94974.08136800468,63,71.76526759163666,1,7.317962378843007,10.5727530969357,15.624809158867553,South,Two Year,UPI,Web,0
44,23288.325618786585,47,92.56792792010297,1,7.96890504639057,9.40888840679289,21.82142337664015,South,Two Year,Card,Android,0
33,96263.67063753525,31,91.12662776864906,4,6.800630142000604,23.57075425926636,32.823348076859574,North,Monthly,Bank Transfer,iOS,0
53,85600.80917432223,69,103.08808063773773,2,6.344100649977203,16.023536077735994,22.89964107840724,South,Two Year,Wallet,Android,1
59,,35,66.42589127573174,2,8.319069095627649,26.215350370945718,35.16902773908237,South,Annual,Bank Transfer,iOS,1
51,58329.56443236906,28,106.30409058629623,1,7.019686495523929,19.00193266337163,32.180972552772175,North,Two Year,Card,Android,1
18,89101.49305290781,51,57.81065521148484,1,7.885988949599861,40.0,19.940937031628412,West,Two Year,Wallet,Android,1
69,77109.53724056527,72,67.82300045136284,1,8.062761657370947,14.693761292806562,7.8652861672614645,South,Annual,Bank Transfer,Android,0
19,36199.90884746432,83,69.13224822562768,2,7.790778626536144,20.723920704326005,19.95996245083282,North,Monthly,Card,iOS,1
69,78436.32742751627,60,52.83844682878966,6,8.14835404295916,12.440980361887714,26.73834160355518,West,Monthly,Card,Web,0
19,18000.0,63,115.46986850156989,0,5.749890254307845,25.924560074567008,22.539041287415223,South,Annual,Card,Web,1
44,60097.91213334135,75,55.92842571430608,1,5.646150094210387,21.783586757120002,27.70982348522165,North,Monthly,Bank Transfer,iOS,1
23,90035.04892680107,26,64.03250987779984,1,7.127543268767664,11.971671026099708,29.770779785347482,West,Annual,UPI,Web,0
22,65404.67274256903,24,122.66223131459927,0,7.168445755555879,16.479005741206006,26.777726980742965,East,Monthly,Card,Web,1
53,54023.37390083719,46,67.88251894439048,5,6.3120511945766316,28.302843414503684,19.52204301352907,West,Two Year,Card,iOS,0
55,84565.61758299169,60,79.3557194458571,2,7.609700503904949,27.461963737607185,26.67895127492811,West,Two Year,UPI,Android,1
24,86444.53993190479,62,54.63912997250392,3,8.743969632417867,8.799230525140478,42.11935808376045,East,Monthly,UPI,iOS,0
68,93820.8732430729,15,109.98853622868054,1,9.218770186060926,15.438212493874559,8.591083953960894,North,Annual,UPI,Android,1
34,,75,110.40208732573196,3,9.600845183500166,31.44977729407877,26.38558720202314,,Annual,Card,Web,0
34,88790.24546661723,35,107.16837712370341,2,4.964837172802786,17.52975539513694,38.48802956550159,North,Annual,UPI,Android,0
33,81123.98826362577,84,101.12589484581831,1,5.222902424695677,19.98395760184481,11.428690035240038,East,Two Year,Wallet,Android,1
41,70841.63028056239,69,87.2076733305843,2,6.7076028311492015,25.88852341662054,31.00990082661324,West,Annual,Card,Web,1
27,66969.19799480391,94,69.26869999186047,2,7.336487119712539,9.374868055911046,32.212455201099644,North,Monthly,UPI,Android,0
40,59780.286179857154,61,60.55092080001937,0,6.794689393443119,12.122117517994214,8.708384605820228,West,Monthly,Card,Web,0
28,38327.89755268603,51,123.69716580285011,2,6.260513138689666,16.434106417483516,28.41125542976372,East,Monthly,Card,Web,0
20,43983.14680596421,18,107.9441281517977,4,6.682488991664467,27.13236533898675,19.558156889549835,North,Monthly,Bank Transfer,iOS,0
37,58795.68139742539,38,64.20087318398727,1,8.021633498135255,25.83835743776608,21.455987831411324,West,Annual,Wallet,iOS,1
52,70311.94751125344,82,86.19495304669404,4,4.939641840453545,23.738364570309685,19.075407473022707,East,Annual,Card,Android,0
57,96697.87715609379,37,75.9965472104496,1,10.0,17.725880359304615,33.814201822911684,South,Monthly,Card,Android,0
36,64080.460986738726,6,51.153678828827495,1,7.235689023753309,26.606988163757855,20.990910816405155,South,Monthly,Card,Web,0
34,87076.4783993086,24,90.32954129863907,1,8.986440570188833,17.631483384131826,17.830178188144313,North,Monthly,UPI,Android,0
58,88744.94444150665,57,72.53522007282413,1,6.213991678560337,22.745776086606853,17.982620379920114,North,Monthly,Card,Android,1
53,59908.1704508466,60,56.42390001112943,2,8.176394307292107,25.084272827762238,18.931090396998197,East,Annual,UPI,Android,0
61,78083.18465014405,94,40.626023375747145,2,7.370154823808579,30.577740472574526,12.284180320625172,West,Monthly,Card,iOS,1
65,59642.38308205305,89,38.08589499382987,2,8.656574269610099,18.305727907927213,17.75079348187471,East,Annual,UPI,iOS,0
60,94086.98966972649,51,73.85721616916081,4,6.862300239699622,16.16172845337508,23.059026622330773,West,Two Year,Wallet,Android,1
66,78988.55344185051,53,82.44715088725253,2,9.837658064052453,27.765527539518562,25.6394327798426,West,Annual,Card,Android,0
39,38809.35739685618,77,58.740975695130516,1,4.663505059272025,28.302968050777586,32.836351520585254,North,Annual,Bank Transfer,Web,0
38,68553.54234738463,5,104.52218282971683,2,8.81393551133664,14.89637855326779,24.168810095875813,West,Two Year,Bank Transfer,Android,1
34,101258.46756012535,57,83.03360374651113,1,7.401823584406182,10.964763876950144,17.729772433628185,West,Monthly,Card,Android,1
30,61012.91723997257,46,102.30655931795951,0,5.468844612765996,27.233241263162785,12.900640055665377,South,Monthly,Wallet,Android,1
56,74849.7306620915,75,79.51267629436876,4,10.0,7.207908384832379,24.650381927259417,South,Monthly,UPI,iOS,1
55,77009.3344302612,77,61.386470943786826,6,10.0,6.850390000208437,20.943662973179457,East,Monthly,UPI,Android,0
59,42194.29621837879,63,88.42352713415842,4,3.6744197338001263,16.82193419633903,21.24114480387243,West,Monthly,,Android,1
26,76235.57488269731,63,47.119764639450324,0,7.500533458487902,18.717078010104082,24.36276565433288,West,Annual,Card,iOS,0
43,34335.62665523823,66,101.18315561909944,6,8.399626343042252,10.580334836059604,26.674501731202568,South,Monthly,Card,Android,1
29,51236.26965916929,56,56.88552380460599,3,7.950898174140286,19.553050368640257,24.427617017228233,West,Monthly,UPI,Web,0
64,88665.90528487222,22,112.54697579600347,1,9.776400334073337,19.86529062045536,20.465337070797688,South,Monthly,,Web,1
31,72848.63838678387,28,74.84632761274256,3,9.422975602774844,14.637284741620045,14.787563763609112,West,Monthly,Wallet,iOS,0
25,58301.488229576404,71,116.87600548929751,2,7.65081850573921,32.234249254175,16.48493708011568,East,Annual,UPI,Android,0
47,74822.14246739412,59,51.32130434235054,0,10.0,21.008328470051133,29.634338426128867,West,Monthly,Card,Android,1
63,63677.97054938711,23,64.66690897813538,3,8.792639088602881,25.899423255652493,18.187723854429514,West,Monthly,Card,iOS,0
65,65276.72705174033,84,96.42804840545712,3,6.602595358197532,7.806509079314742,9.885614868062847,South,Monthly,Wallet,Android,0
22,79450.00758784302,94,120.11491280280265,1,6.261009088791803,7.7461073128461795,32.43617213361009,West,Annual,Card,iOS,0
34,48997.9097054991,60,134.99826724944768,4,9.313680555055134,21.220438274542484,13.518593569922627,East,Monthly,Wallet,Android,0
25,65887.40092220319,22,86.24098491042618,1,5.851977814898249,30.98400382594191,22.3172239342632,North,Annual,Card,iOS,0
34,58130.09971865363,90,140.13236892360268,5,,10.93044954719333,26.420467766885064,North,Annual,Card,Android,0
45,30116.725758794375,23,76.31006350523708,2,6.792727784526758,19.003636525508973,22.028965379840002,East,Monthly,Card,iOS,0
32,44749.973362515404,42,117.96302867088917,4,7.804610768569456,9.354326287125776,3.0,North,Monthly,UPI,Android,0
21,99500.5418354043,82,56.734570091220846,2,6.871120782965312,12.96964180549743,25.514391969460537,North,Annual,Card,Android,1
44,73463.91292087515,50,97.60601520589762,1,4.961149475983765,19.351779231657467,33.93816925112871,,Monthly,Wallet,iOS,1
20,35881.05736916944,24,20.0,3,9.175535554584298,14.551721506460666,29.078790051998713,North,Annual,UPI,iOS,0
29,31112.203731334965,8,51.352269650406285,0,6.5125222970653045,8.86133267781227,3.0,South,Annual,Card,Web,1
18,62532.394197567155,35,99.00030394242295,3,10.0,8.704576165697901,41.14519890702431,West,Monthly,UPI,Android,0
22,99346.10372988261,64,45.62683443398429,5,7.716783012341727,4.7979433037503245,10.067336032591221,North,Monthly,Card,Android,1
40,60891.321034304245,68,97.80848832367553,6,9.354252723483672,21.33608662250213,12.294224863199092,East,Annual,UPI,iOS,0
62,93753.99017488836,22,112.19374362437091,3,8.272464574107348,22.18306717801797,29.03689834183562,North,Annual,Bank Transfer,Android,1
58,72742.47695801046,16,69.96039421845165,4,9.435595661476265,22.1478740558317,26.07557305803085,West,Monthly,Wallet,Web,1
23,75367.51007260966,67,55.93141132977406,1,8.169576293649534,11.635769414943304,22.723015947158277,South,Annual,UPI,Android,0
19,35614.14879529947,16,70.77440152435784,2,7.599787017786071,25.041659034019276,16.87534382023202,West,Monthly,Card,Web,1
35,85625.50427849467,7,56.025630424474436,4,9.058497956156078,22.947450672576007,33.97771055406835,East,Two Year,UPI,iOS,1
51,57631.495179980644,47,81.96359325952247,0,10.0,18.051060846514986,21.64606734836524,West,Two Year,UPI,Android,0
56,83988.03397943998,55,88.06271874664245,2,6.741345204371712,16.902198797185257,7.9076469133790255,South,Monthly,UPI,Android,1
60,47088.260396305515,24,75.81969630709574,3,8.551375879132523,13.456191716748211,33.09069954980617,South,Monthly,Card,iOS,0
35,68895.08564521807,21,135.23077720560465,2,7.191083631732748,19.34513283750107,23.973564936704573,North,Monthly,Card,iOS,1
26,72744.0649866279,23,63.41788540939074,2,8.060300334838159,29.320734637225986,32.035060365591725,East,Annual,Wallet,Android,0
19,61611.26703533094,33,126.74299537765937,6,7.271669547880108,25.964996309315595,27.15293761110242,South,Monthly,Wallet,iOS,0
25,73899.99424789545,1,53.76282291063659,3,3.531837094292315,16.206527034596455,43.52460471585119,East,Monthly,Card,iOS,0
21,59139.26434576481,2,87.18332709824647,3,6.859682579845099,21.77035023242052,19.21026755386995,North,Annual,Wallet,iOS,0
62,50720.68543309186,36,120.49316225644208,2,8.899243623774508,10.289989653347694,22.144839171890972,East,Monthly,Bank Transfer,iOS,1
31,,2,118.94071456759954,3,5.89914874044343,23.110470241836406,28.478475795638126,South,Monthly,Card,Web,1
60,88076.96305995173,31,72.39226306899295,1,8.765608953221623,12.184000001342463,19.26586942773963,East,Annual,Wallet,iOS,0
46,48260.975608940105,56,101.65209160214036,3,7.512135579463586,22.831788928943713,29.22373937947262,East,Annual,Wallet,Android,0
46,77505.77472308149,3,97.63537250992678,1,,38.78350533332082,3.0,South,Annual,UPI,Android,0
41,48661.06519657464,59,68.80182464221781,4,8.739886154981725,14.009912973710096,21.344950697568912,South,Monthly,Bank Transfer,Android,1
60,38936.937839428865,60,103.47849811444223,1,8.357753624059246,38.45962316466622,21.073067782001885,South,Annual,Card,Android,0
20,87743.80771077747,55,140.8747651615712,1,7.91493002103666,21.434448414480848,20.747063078606757,West,Annual,,Android,1
22,27509.808235757075,60,99.15101995187892,4,8.927030344726704,12.752620567166348,14.107657463423985,West,Monthly,Bank Transfer,iOS,0
40,85390.8300986839,77,101.99069137212012,2,7.545267143300587,12.431806832859095,30.155105546916694,South,Two Year,UPI,Android,0
38,59440.109123392715,7,105.16464934602122,2,4.4040677439186595,34.55468925493874,17.459996586052572,South,Monthly,Card,iOS,1
46,60345.97473222837,17,41.170701779345784,2,6.557194515675057,21.45092079292169,23.802469600647875,East,Monthly,UPI,Android,0
56,74014.52683171237,31,98.80674019618867,4,4.132515881274228,14.03693000683913,21.665527242570807,West,Two Year,Bank Transfer,Android,0
48,77786.37386387355,66,54.49721275484418,3,8.317520204554677,16.575775722699674,26.503277870684176,North,Monthly,Bank Transfer,Android,0
31,46820.45010976402,83,67.303391779066,2,8.723539726798045,21.015430443962668,34.878647190134984,South,Two Year,Card,iOS,0
35,80789.96339250139,88,149.8582534356551,1,8.800893811626171,17.938955273508775,23.755934696920306,South,Monthly,UPI,Android,1
57,67494.15183655491,56,77.4021517102357,1,8.031460988690666,20.421294023919188,29.57257323743344,West,Monthly,Card,Android,0
28,37366.79455690316,39,62.794776871173184,3,8.845472719961808,30.415276276579938,23.30383154655629,North,Monthly,UPI,iOS,0
44,61262.761361245735,40,119.57747736704177,2,4.519774324945317,10.104205348061267,17.445926254661593,West,Monthly,Card,Android,0
46,95388.13834229637,6,56.5696899147287,3,7.017136232949711,22.512412294347374,20.725982170960528,East,Two Year,Wallet,Android,1
57,101885.08556140531,45,71.57742567430968,1,4.794642819026034,17.489716767225083,19.44811856719469,West,Two Year,,Android,0
55,80781.6660673909,49,122.471565039585,2,6.590839658229989,14.506682577588991,27.113459187275815,West,Annual,UPI,Android,0
42,38812.443260295855,20,86.28302695923878,2,9.947627951085687,25.505219174529593,22.959868380422655,South,Monthly,Bank Transfer,Android,0
34,75793.35185402955,73,38.15208864620412,5,9.05850321000298,7.770020557207031,14.851618756941983,East,Monthly,Card,Android,0
37,83718.93988490224,78,101.31968842967856,2,8.325885191006517,1.4349664929621326,20.002339622981175,East,Monthly,Card,iOS,0
39,80965.57563301189,29,73.10602353860473,0,6.891245611378907,19.57173110333505,8.266749708315222,,Monthly,Card,iOS,1
29,82268.9943511342,87,131.19554459590734,1,5.510888866442511,17.032741820889726,20.33857130214624,South,Monthly,UPI,Web,1
50,72991.78774344568,11,66.814391570976,4,7.51794706243353,8.530069246640293,22.01175281113824,North,Monthly,Bank Transfer,Web,1
28,63406.92854572804,87,116.53677921177778,1,9.088148914097921,6.026132526704764,38.27603380347345,West,Monthly,Card,Android,0
51,51615.91509011159,73,138.27094097097142,0,7.896781531740698,31.514433643681635,34.13606854760028,North,Annual,Bank Transfer,Android,0
57,23245.41859296708,22,59.47170328565288,3,4.504325658386245,21.24110393571776,12.693328621182545,West,Monthly,Card,Web,1
68,72472.11886769372,62,79.20360937725421,4,7.37783852509692,18.13752006150246,23.815924773986016,South,Monthly,Card,Android,1
24,69093.16256034815,30,96.65875822433351,3,3.9473420734872087,33.36671436271608,23.97379282709873,South,Monthly,UPI,iOS,1
57,77266.66854214596,76,59.27962742337476,2,8.567112516280213,25.154437451458968,19.92606382511689,West,Annual,Bank Transfer,iOS,0
22,35574.03874755633,16,93.10884840123492,1,6.0218868282865845,30.384937393781442,20.499803276069052,East,Annual,Wallet,iOS,0
35,79190.36716493132,24,78.25239137482023,1,5.120693620250014,9.74032250318435,18.814452310370232,East,Monthly,UPI,Android,1
27,110199.9920816571,30,77.64797285219905,4,8.590482126644746,9.47825186912721,38.85437638194975,South,Two Year,UPI,Android,0
26,66725.90287711404,19,86.46815178124335,2,8.150942323212776,22.319526645812115,18.2543417190945,South,Annual,Card,Android,0
27,63643.362977456105,32,87.13794146735692,4,7.595078236104158,20.901494526670522,25.068434292393412,North,Monthly,Card,Android,1
20,71798.05183388542,58,89.9164230722812,0,10.0,26.747634249619125,3.0,East,Monthly,Wallet,Android,0
60,109711.41454362744,61,67.03520963629647,4,8.279499721635124,6.584477872811382,29.412115450598705,South,Two Year,UPI,iOS,0
21,42479.7492426024,53,68.3448482695074,2,6.103573219123476,22.92518191180151,32.65829326527192,North,Monthly,Card,Android,0
38,69470.55253466591,19,81.44237233525509,6,8.0826465747244,24.92488043394206,12.5317297380944,South,Monthly,Card,Android,1
54,47407.53670945183,20,83.65727076292615,2,6.713668516226047,24.55320446767971,17.393019249204226,West,Annual,Card,Android,0
69,52965.89614141011,88,71.8345198016015,1,9.353489997224903,15.153139331547344,26.06353168113742,West,Monthly,Bank Transfer,Web,0
62,63909.01322659734,24,94.71818926258055,0,7.677661251611728,21.630306201172537,22.17514624971202,South,Annual,UPI,Android,0
25,94641.11131549829,10,30.557147539744093,2,7.845869587560763,12.57040035624253,26.19732631467301,West,Annual,Wallet,Android,1
69,104621.79321515221,44,63.08601223273145,1,4.747973702668,15.949377427070083,19.41483041882708,South,Annual,UPI,iOS,0
51,,1,76.60216521391436,3,7.304297753155019,10.699445624914464,38.76938848346369,South,Annual,Bank Transfer,Android,1
27,56714.91609348332,33,59.316544389081855,0,7.10434804774906,12.689339894628734,15.972338810748914,South,Annual,Card,Android,0
41,119840.25506604741,82,133.87594044426675,1,5.458837126142063,16.31326370134616,46.22417241743394,West,Monthly,Card,Android,1
65,55593.80141075056,26,85.56585540174855,0,6.823447473138964,14.563442766534896,33.17731525614222,South,Two Year,Card,Web,0
38,52435.00988408578,67,90.3030903467771,0,7.940779154092933,12.688459898610517,29.489037586458902,North,Monthly,Card,iOS,1
27,25951.253019268006,47,70.50307876103618,2,7.192605681115178,8.902820634752455,12.635701290784299,West,Monthly,Wallet,iOS,1
63,95714.01452338437,34,84.52663238881117,3,4.799430524307143,31.727670519213078,30.187141453254753,East,Two Year,,Web,0
67,86301.40303216847,63,48.54239607091798,4,6.735531383565196,14.496059397430185,27.435445876125534,West,Two Year,Card,iOS,1
68,118191.7217945618,57,79.90548891714779,3,6.404357858632214,20.309759014718605,3.0,East,Annual,UPI,Android,0
67,34430.48625120123,31,56.88974714212733,3,7.528972989153011,5.687196306289536,9.358597235008983,East,Monthly,UPI,iOS,1
63,97079.75776454041,22,76.67789245731512,1,7.345405355220518,27.503543930365915,25.218651337739473,North,Monthly,UPI,iOS,1
41,66542.98140405481,88,20.0,3,6.50025779440986,19.170124553407923,20.800302505007714,West,Annual,Card,Android,0
27,82734.204769603,16,51.15990374669423,0,6.433872146180303,14.892878199524109,17.35169611404252,North,Monthly,Card,iOS,1
50,28748.902895701634,92,128.91779213543,1,7.31427839957365,14.954012505352363,31.710542750099158,North,Monthly,Card,Android,0
29,97297.80009863654,45,109.91193247322627,2,8.837060483477156,24.085869004362383,14.045986404226078,West,Monthly,Wallet,Android,0
42,82303.36852930026,95,124.57118007745694,2,7.673688888603916,1.0,17.902831512855467,North,Two Year,UPI,Android,1
52,64143.97923470321,34,126.63163809012772,4,9.619217852994215,12.230646629036466,16.176731907847397,North,Two Year,Bank Transfer,Android,0
67,79192.47912854467,54,105.18962272493432,4,9.126424664031214,17.166413136791654,26.591523320917553,South,Two Year,Wallet,Web,0
33,48159.10337707052,59,71.41393943862595,2,9.744360243555558,17.08572243138114,6.524876201610919,West,Annual,Card,iOS,0
31,52252.318117202616,33,53.88247161203132,1,9.526667008065195,35.537183745748905,17.52095333334636,West,Monthly,Card,Android,1
56,54804.21850024128,21,119.4023381634909,3,9.85701417845923,15.636845706863078,6.495113014035823,North,Monthly,Card,iOS,0
18,24239.987042813882,50,86.93703923162171,2,5.239657222198902,24.93158894443158,19.184120722822946,South,Monthly,UPI,iOS,1
47,83958.68687247408,63,159.8206844914572,0,8.300624672447796,30.681600305751658,28.50744108781768,East,Monthly,UPI,Android,0
56,91215.05951201645,25,74.04706071967738,3,9.271144939868623,22.69429860051901,28.668068457224,East,Annual,Card,iOS,0
46,49570.42870519548,73,144.1868756434144,0,9.578346447156251,13.283287501030632,15.45161500509277,North,Monthly,Card,iOS,0
37,72660.46635078601,61,80.29624627912735,2,5.889778017876281,9.008586898091378,26.799897576243364,South,Two Year,UPI,Android,1
61,59158.1095581568,16,125.08145791776101,3,8.317546892383444,23.217941978999434,20.33352919979555,East,Monthly,Bank Transfer,iOS,0
37,72222.02716578267,90,135.90075211697365,3,7.327845210415712,29.515176565595144,34.24976475770568,North,Monthly,Card,iOS,0
54,51193.300693357356,5,54.311502154578626,3,10.0,21.82174166870384,20.830334246734463,West,Annual,Bank Transfer,Web,0
42,45564.64656607201,63,70.45005765127394,2,4.841604238529435,26.634137077553056,3.0,South,Annual,Card,Web,0
19,88145.64749252234,42,54.01062322904407,3,5.892207711581129,36.143629334166604,30.052129078398757,West,Monthly,Card,Web,0
45,63594.847127261164,63,48.10166535225329,1,4.121922497564014,23.861619990734333,17.8681072068482,East,Annual,Card,Android,0
20,109486.39691877647,74,105.0120055157485,2,7.44584768795624,10.295569939442576,19.532200430655095,East,Annual,Bank Transfer,Web,1
66,66018.81922547107,66,79.10114889252935,7,10.0,18.357425358531184,25.02331125016451,West,Monthly,UPI,iOS,0
49,44626.283112289166,62,86.57098969570409,1,7.124619248493404,27.591506354648054,9.17762878232737,North,Monthly,UPI,Android,0
37,91992.69928159066,80,101.6871740491984,1,,16.25854146336391,22.671882173907843,South,Two Year,Card,Web,0
43,78877.60361121244,67,29.278394988552563,3,8.135405910059449,28.53993916369071,26.81047295396965,South,Monthly,UPI,Web,0
50,80991.20300132132,78,123.60298011871164,1,7.002306175487606,17.53144171408126,25.27657770516762,West,Monthly,Card,iOS,0
31,91193.2149350942,39,74.52717509980248,2,7.822244232544937,20.340431946627845,16.60961874069921,West,Monthly,Card,Android,1
32,50638.48153539252,20,100.97203918713572,3,7.866759837857284,15.544812717593054,30.927387671691204,South,Annual,UPI,Android,0
39,62200.42720232367,23,103.6213851768564,2,5.7625536914410045,19.116754382247525,13.022536456786503,West,Two Year,UPI,Web,0
31,61228.10370726855,59,126.12389682291521,1,7.040120590365564,19.487131994386786,16.370305308594993,North,Monthly,Card,Web,1
57,36603.57618785639,51,81.85427836650899,2,8.46128597503342,6.740206515082978,20.7759870802557,North,Two Year,Card,Android,0
23,59201.01669651864,8,21.29087622871208,2,8.778579398157262,14.908846951932471,24.659215233446638,North,Two Year,Card,Android,0
60,94400.34807329014,20,86.71382840360683,3,9.407452815530268,9.367543392025919,19.079110134796075,West,Monthly,UPI,iOS,1
36,70221.43828346464,92,91.02120574484803,2,7.77024131353075,15.150239748281487,33.05728209101434,East,Annual,UPI,Android,0
47,35386.65078741027,69,53.97217422579648,3,7.804835709115549,12.433853612343604,24.657575922410366,South,Two Year,UPI,iOS,0
26,30771.53294337143,72,89.42471963298816,1,8.475314270864862,25.082748233649028,22.680921673298815,East,Two Year,Card,Web,1
38,101625.07329246198,19,74.16944695821124,2,6.188890636928777,25.16379955959858,24.341225432108544,North,Annual,Card,Android,1
57,63012.98177438714,7,44.717381521524686,3,6.119175611618425,21.92205908033434,28.596153378655302,North,Monthly,Card,iOS,1
32,50756.97547456442,28,105.14454685027852,3,6.9878436419875225,9.126455381496157,24.166974038269153,North,Monthly,Card,iOS,1
24,58972.18117226593,82,68.08824547306611,2,5.032469910758024,17.313056559505203,5.7143485016582645,North,Monthly,Bank Transfer,Android,1
45,32499.229405018694,49,72.80862355788793,0,7.891731311889846,8.569653817539125,31.805579776259837,South,Annual,Card,Android,0
26,96308.09328925563,75,71.12263458138746,4,8.983439461486048,16.968946298342324,23.07707687268488,South,Monthly,Card,iOS,0
34,56352.83537310735,47,122.0643579239244,5,5.9929258037747974,22.531948170604892,28.163675264995717,,Annual,Card,iOS,1
41,95082.83361024529,47,83.77251514679823,2,7.939753622804961,24.944730260405734,18.346508265701566,West,Annual,Card,iOS,0
47,66136.33771784093,58,87.37299461637464,5,6.130477213398612,21.309913459013305,5.5595510852178265,West,Monthly,Wallet,Web,0
51,96449.70344050568,92,71.78091536840809,3,5.471821646608626,26.80930094809829,3.0,North,Two Year,Wallet,Android,1
53,70647.27897894788,42,98.88600466764716,2,10.0,19.81829470856221,13.500689895780072,South,Monthly,UPI,Web,0
61,83771.11858311968,57,125.47954145352014,2,5.496203668770688,16.36507809592792,26.655648131717953,North,Monthly,Card,iOS,1
21,80820.0470139434,88,104.43582452459519,3,5.025157159250664,24.11562356789588,33.68101859467849,North,Annual,UPI,Android,0
36,78712.40345754336,36,105.60600884004569,3,7.565016174994032,24.34533270123672,24.717741027483257,East,Monthly,UPI,Android,0
18,72654.55849801963,80,103.18690617653036,1,7.656486513383303,14.330798111734003,12.529953315632522,,Monthly,UPI,Android,1
18,59877.28424545714,51,43.592720700665105,1,8.334294640022899,20.652875809990483,14.942882707207174,East,Two Year,Card,Android,0
29,107139.56321460292,84,58.71643504902585,1,,15.939806379643606,34.24704788786059,West,Two Year,Card,Web,0
49,45047.386327890184,45,78.85037819202621,1,5.8788793141691285,3.9398363845971662,10.202972165126052,North,Annual,Card,iOS,0
64,65094.768131549514,60,63.224078725203235,1,6.2166573754443695,21.080745444793237,40.91595593362927,West,Monthly,Card,Android,1
58,,31,53.06388925732006,4,9.934969345421656,8.93834472746639,38.88433773242166,North,Monthly,UPI,Android,0
51,73853.69657355748,61,28.834727773882783,1,8.796510401359834,20.297569465336323,41.21249862882897,West,Monthly,Bank Transfer,iOS,0
58,55551.60179032097,31,44.604123605975765,1,8.560138274194944,7.252855884871552,25.42631338736,East,Monthly,Card,Web,0
26,71924.41872297094,58,77.30423327972198,2,6.197223217637558,12.962330460854814,18.926276641613548,North,Two Year,Bank Transfer,iOS,1
61,61285.46312553475,75,82.91720899543347,0,,14.96480838785022,25.207116395363826,South,Monthly,Card,Android,0
64,30197.04461636622,42,61.208386716082735,1,8.56541079430776,26.412073392179423,30.177264559467485,South,Annual,Card,Android,0
22,65210.15029765062,41,87.36775638049679,4,7.522213355802922,14.26539458009851,16.14301684788713,West,Monthly,UPI,Android,1
42,40787.562673336666,31,71.98499077274872,2,6.205622722603064,10.47520332473905,12.08917085956455,North,Annual,Card,iOS,1
61,26843.51322612418,70,117.71720762121545,3,7.381382442460357,20.550415573955156,19.444571553724032,West,Monthly,Wallet,Android,1
42,68011.21305516647,57,80.15122707925488,1,10.0,16.48118487886302,15.049230002208699,,Monthly,Wallet,Android,0
61,75733.43352443047,50,105.88992644205146,3,5.340254820573744,23.533923924545373,33.16797830785324,West,Monthly,Card,Web,1
66,76587.35692630068,3,91.09641286884077,3,5.840341584292101,10.916840355848258,16.452134376436163,South,Two Year,Card,Android,1
42,77477.75555443327,11,42.937868822678354,1,6.132735860379869,19.47597717497845,22.860773199376084,East,Annual,Card,Web,1
21,22483.04153930657,1,82.28025472788474,3,6.501604034783433,35.28696757709031,30.847364685470584,West,Annual,Wallet,iOS,1
35,35057.62758603567,81,47.93127702013949,2,7.173247632914254,16.3250472867596,33.518580793112555,North,Monthly,Card,Android,0
29,108417.47160990076,81,81.75637485349236,2,8.82957074794324,19.307112867904397,23.87703353669249,North,Annual,Bank Transfer,Android,1
42,41961.40727830521,7,62.64607548307933,2,7.9844039945096865,6.372718193736651,25.458666129519266,East,Annual,Card,iOS,0
48,78438.50268500716,5,96.45889100454426,4,7.303429785855829,12.029144984054925,12.847084352468721,East,Monthly,UPI,iOS,1
42,49887.37232335139,75,44.72936987601396,3,7.670888907636587,21.218044914299387,31.207509822315135,West,Annual,Card,iOS,1
28,66752.80026388641,50,85.44105475838312,2,8.260784632617405,15.690715802484466,33.3717091806754,South,Two Year,Bank Transfer,Web,1
33,51068.407549980926,30,102.17246747689582,1,4.341099891409689,22.301030724205454,5.166822348227917,West,Two Year,UPI,iOS,1
53,77353.90540163219,59,112.22786707926986,3,9.021693125982821,20.97457080057615,37.866512384820595,West,Two Year,Card,iOS,0
19,68009.03058096737,23,62.07496726347331,2,5.795097997093116,8.773793948855676,15.694064798167165,West,Monthly,Card,Android,0
29,55137.62497982686,19,85.53252916621526,2,6.446032368998271,25.107143978373724,27.35167799321746,North,Monthly,UPI,Android,1
64,41896.21336702437,35,90.5244091873472,4,7.778740046896097,9.3012053960432,22.69805552334299,North,Monthly,UPI,iOS,0
23,70891.03234483524,86,131.41378838628304,4,7.07181009239334,12.64554665934801,21.456617385004815,West,Monthly,Bank Transfer,Android,1
39,38320.186421063016,73,40.56009817749589,0,8.027781749858677,19.60639440873949,20.141338195508226,East,Monthly,Card,Web,1
28,74404.58292665845,19,57.66692364786853,1,7.44110746137589,28.969161056046055,13.066930011788,East,Monthly,Wallet,Android,0
23,122782.6679988118,54,169.1338747820824,6,6.708135111995244,10.972865535107568,26.7144520958318,West,Annual,Card,Android,0
39,94703.74112776427,85,76.80708148132075,1,9.798888887939679,19.033791173936866,19.425597981198845,North,Annual,Bank Transfer,iOS,1
45,80803.65351167158,91,28.270185702901763,2,8.40371140441723,19.092143281812387,10.215199108080478,West,Annual,Wallet,iOS,0
27,63116.639449694754,73,67.52349569955501,4,7.713599452730554,22.601519844407065,12.684957803958678,East,Two Year,UPI,Android,0
22,22347.442205922445,13,20.0,2,,26.28821384775362,10.367983626777546,West,Monthly,Wallet,iOS,1
25,35909.699290195946,23,92.2276213736846,2,6.000939862397257,15.17147315198642,17.278685047281837,West,Monthly,UPI,iOS,1
51,93221.4428342597,21,109.29354280834656,2,10.0,25.082944688840648,26.365893775891234,South,Annual,UPI,Android,0
62,47625.36623725484,15,57.6501287149374,1,5.351016758158665,27.312252031784656,15.59993754461008,North,Annual,Card,Android,0
27,49616.453840390976,17,70.8782823324548,2,7.392386719098782,30.487714252101014,30.778974010629604,West,Monthly,Card,iOS,1
34,61355.689534951525,31,112.70962466106738,3,6.713075326349841,21.513463098051343,20.927069685243733,West,Two Year,UPI,iOS,0
35,41634.9823053758,53,32.49353605461789,0,6.648495561774018,19.102058372468434,19.39535570342767,South,Monthly,Bank Transfer,Android,1
36,38011.087839864005,38,45.35286363401363,3,6.427763514264909,14.677908684695915,22.15088887266462,West,Annual,Wallet,Android,1
30,63889.57039880872,40,78.1565445485308,2,,7.787092874952748,34.5563943858069,South,Two Year,UPI,iOS,1
20,45386.3519972152,24,62.42995487599545,2,9.220181748173804,16.054325271390514,9.657951772519231,South,Monthly,Bank Transfer,Android,1
45,48697.591244864314,15,76.18399307579236,2,5.152005249209097,18.78636415358556,36.9073027427723,West,Annual,Bank Transfer,Web,1
36,47813.79742476587,95,47.08749041780435,1,8.872058627762494,17.23355388296965,30.641440980321715,East,Monthly,Bank Transfer,Android,0
35,76491.9247043583,57,91.42940457764523,1,8.30251414902567,22.184025949703795,21.805091544663412,West,Monthly,Card,iOS,1
31,59893.23480910214,22,80.52300744460034,3,6.552485076145111,7.820787079154313,32.64723116293102,West,Monthly,UPI,Web,1
66,61071.41670633522,77,101.47571482699098,1,8.10543238244955,16.726180107971363,19.097744331331185,East,Annual,UPI,Android,0
49,78132.80974079543,79,91.01198501440878,2,6.931571669915823,31.96338656391217,24.57110537794278,South,Annual,Bank Transfer,iOS,1
39,61875.128618875315,92,91.2007021748807,1,5.328289224534102,24.969191316515563,17.127269432124404,West,Two Year,UPI,Android,0
28,58878.4170939422,16,41.61077936409659,4,5.34626278705946,22.31333090448905,30.69827647496764,South,Annual,Bank Transfer,iOS,0
59,75349.90782254376,61,99.77774654934616,2,8.314250577998475,20.73477662515743,15.634699552878992,East,Monthly,Wallet,Web,0
64,79700.35255826788,94,75.07400794586674,4,8.226069550264539,15.441976998209334,21.537689898984336,East,Two Year,UPI,Web,0
19,61764.38301081071,77,80.00205077051146,2,7.611419404342674,5.7215082377030075,28.112249364926765,North,Monthly,,Android,1
66,66773.37106365147,22,116.44793129172429,2,6.534421883121139,21.199900132883993,31.433706773393638,North,Annual,UPI,Web,0
22,18000.0,26,105.50886188439164,4,8.01484462822699,16.66697926458285,3.0,North,Annual,Card,iOS,1
58,34683.79590934694,20,57.660655337989844,1,6.936330421771918,15.721127899851815,19.069997236485012,East,Annual,Bank Transfer,iOS,0
52,25166.389040431313,8,136.9428625309703,1,7.184771576124955,5.7713910537619295,21.96706729447902,West,Monthly,,Web,1
40,18000.0,30,101.08904296624819,0,7.911342777445523,18.428772751793954,17.975286081336876,South,Monthly,Card,Web,1
40,38702.10256544174,49,73.42483676165135,2,9.598903481778173,21.657184028466506,41.54244754121707,South,Monthly,UPI,iOS,1
62,94149.02494639588,17,64.95189984084107,5,6.486400299810839,18.47326159144744,38.41908506590055,East,Annual,UPI,Android,1
22,64022.4043105042,26,92.70351344541571,0,5.208259405632388,30.384044204134415,31.295305603090874,North,Monthly,Card,iOS,1
54,93392.40277106583,2,34.868227454846355,3,7.046251750110856,10.96806498619014,13.672059105348604,South,Annual,Card,Web,0
